No_SJ,customer
" SJ/SMR/SF/CRB/23/IV/0272","APOTEK KELUARGA FARMA"
" SJ/SMR/SF/CRB/23/IV/0273","APOTEK PHARMASIA GESIK"
"SJ/SMR/SF/BDG/23/I/0001","APOTEK RAFA REFA"
"SJ/SMR/SF/BDG/23/I/0003","APOTEK YASIN"
"SJ/SMR/SF/BDG/23/I/0004","APOTEK SINARKA"
"SJ/SMR/SF/BDG/23/I/0005","APOTEK SOREANG"
"SJ/SMR/SF/BDG/23/I/0006","APOTEK K-24 GUNUNG BATU"
"SJ/SMR/SF/BDG/23/I/0007","APOTEK SUMBER SARI"
"SJ/SMR/SF/BDG/23/I/0008","APOTEK BALADEWA 2"
"SJ/SMR/SF/BDG/23/I/0011","APOTEK LATIEF FARMA"
"SJ/SMR/SF/BDG/23/I/0012","TO. JAYA ABADI"
"SJ/SMR/SF/BDG/23/I/0013","TOKO ARYA"
"SJ/SMR/SF/BDG/23/I/0014","APOTEK SETYA AGUNG"
"SJ/SMR/SF/BDG/23/I/0016","APOTEK YOLA FARMA"
"SJ/SMR/SF/BDG/23/I/0017","TOKO LESTARI"
"SJ/SMR/SF/BDG/23/I/0018","TOKO ASSA JAYA"
"SJ/SMR/SF/BDG/23/I/0019","APOTEK SUMBER SARI"
"SJ/SMR/SF/BDG/23/I/0020","TO. DAN KOSMETIK MAULANA"
"SJ/SMR/SF/BDG/23/I/0021","APOTEK K24 TERUSAN KOPO"
"SJ/SMR/SF/BDG/23/I/0022","APOTEK VINKA FARMA"
"SJ/SMR/SF/BDG/23/I/0024","APOTEK SEHATI ARCAMANIK"
"SJ/SMR/SF/BDG/23/I/0025","APOTEK KS FARMA"
"SJ/SMR/SF/BDG/23/I/0026","TOKO MAWAR INTI"
"SJ/SMR/SF/BDG/23/I/0027","APOTEK K-24 BATUJAJAR"
"SJ/SMR/SF/BDG/23/I/0028","APOTEK FATIMAH FARMA"
"SJ/SMR/SF/BDG/23/I/0029","APOTEK GRACIA FARMA"
"SJ/SMR/SF/BDG/23/I/0030","APOTEK BISMA"
"SJ/SMR/SF/BDG/23/I/0031","APOTEK IMBI"
"SJ/SMR/SF/BDG/23/I/0032","APOTEK SHANIA"
"SJ/SMR/SF/BDG/23/I/0033","APOTEK K-24 PADALARANG"
"SJ/SMR/SF/BDG/23/I/0034","APOTEK SASAKBUBUR"
"SJ/SMR/SF/BDG/23/I/0035","APOTEK MIHARDJA FARMA"
"SJ/SMR/SF/BDG/23/I/0036","APOTEK HOSANA MANDALAJATI"
"SJ/SMR/SF/BDG/23/I/0037","APOTEK ANUGERAH SOREANG"
"SJ/SMR/SF/BDG/23/I/0038","APOTEK SUMBER SARI"
"SJ/SMR/SF/BDG/23/I/0039","APOTEK SUMBER SARI"
"SJ/SMR/SF/BDG/23/I/0040","APOTEK BAROKAH LASWI"
"SJ/SMR/SF/BDG/23/I/0041","APOTEK UMAK FARMA"
"SJ/SMR/SF/BDG/23/I/0042","APOTEK DAIRI"
"SJ/SMR/SF/BDG/23/I/0043","APOTEK BERKAT ARCAMANIK"
"SJ/SMR/SF/BDG/23/I/0044","APOTEK ANTA SYIFA"
"SJ/SMR/SF/BDG/23/I/0045","TOKO SRC IDA"
"SJ/SMR/SF/BDG/23/I/0046","TO. 21"
"SJ/SMR/SF/BDG/23/I/0047","APOTEK RIUNG BANDUNG"
"SJ/SMR/SF/BDG/23/I/0048","APOTEK HASANAH FARMA"
"SJ/SMR/SF/BDG/23/I/0050","APOTEK SEHATI ARCAMANIK"
"SJ/SMR/SF/BDG/23/I/0051","APOTEK PINUS"
"SJ/SMR/SF/BDG/23/I/0052","APOTEK BALADEWA 2"
"SJ/SMR/SF/BDG/23/I/0053","APOTEK MANISI"
"SJ/SMR/SF/BDG/23/I/0054","APOTEK ALRASYID DAN KLINIK RANCAMANYAR"
"SJ/SMR/SF/BDG/23/I/0055","APOTEK CAHAYA FARMA DAYEUHKOLOT"
"SJ/SMR/SF/BDG/23/I/0056","TO. TERANG FAJAR"
"SJ/SMR/SF/BDG/23/I/0057","APOTEK BERKAH FARMA"
"SJ/SMR/SF/BDG/23/I/0058","APOTEK ALMA FELIZ"
"SJ/SMR/SF/BDG/23/I/0059","APOTEK KURNIA JAYA KOPO"
"SJ/SMR/SF/BDG/23/I/0060","APOTEK UGIH"
"SJ/SMR/SF/BDG/23/I/0061","APOTEK SITA"
"SJ/SMR/SF/BDG/23/I/0062","TO. ABADI RANCAEKEK"
"SJ/SMR/SF/BDG/23/I/0063","APOTEK MARGAHAYU"
"SJ/SMR/SF/BDG/23/I/0064","TOKO LANGGAN MAJALAYA"
"SJ/SMR/SF/BDG/23/I/0065","APOTEK KOMBI"
"SJ/SMR/SF/BDG/23/I/0066","APOTEK MIHARDJA FARMA"
"SJ/SMR/SF/BDG/23/I/0067","APOTEK RAHMAT"
"SJ/SMR/SF/BDG/23/I/0068","APOTEK SJ FARMA"
"SJ/SMR/SF/BDG/23/I/0069","APOTEK MAY PHARMA"
"SJ/SMR/SF/BDG/23/I/0070","APOTEK TRIANA FARMA"
"SJ/SMR/SF/BDG/23/I/0071","TOKO BARU"
"SJ/SMR/SF/BDG/23/I/0072","APOTEK ELFA FARMA"
"SJ/SMR/SF/BDG/23/I/0073","APOTEK GIRIE FARMA"
"SJ/SMR/SF/BDG/23/I/0074","APOTEK SUMBER SARI"
"SJ/SMR/SF/BDG/23/I/0075 ","APOTEK MERS FARMA"
"SJ/SMR/SF/BDG/23/I/0076","APOTEK VICKO"
"SJ/SMR/SF/BDG/23/I/0077","TOKO AGUNG"
"SJ/SMR/SF/BDG/23/I/0078","APOTEK GRACIA FARMA"
"SJ/SMR/SF/BDG/23/I/0079","APOTEK IJM PAMEUNGPEUK"
"SJ/SMR/SF/BDG/23/I/0080","APOTEK ANJANI FARMA"
"SJ/SMR/SF/BDG/23/I/0081","APOTEK FATIMAH FARMA"
"SJ/SMR/SF/BDG/23/I/0082","APOTEK CIJAMBE"
"SJ/SMR/SF/BDG/23/I/0083","APOTEK K-24 PADALARANG"
"SJ/SMR/SF/BDG/23/I/0084","APOTEK FARMA ONE"
"SJ/SMR/SF/BDG/23/I/0085","APOTEK TULUS"
"SJ/SMR/SF/BDG/23/I/0086","APOTEK SOREANG SEHAT"
"SJ/SMR/SF/BDG/23/I/0087","APOTEK BIO MEDIKA GADING"
"SJ/SMR/SF/BDG/23/I/0088","APOTEK NR"
"SJ/SMR/SF/BDG/23/I/0089","APOTEK DIORA MEDIKA"
"SJ/SMR/SF/BDG/23/I/0090","APOTEK SUMBER SARI"
"SJ/SMR/SF/BDG/23/I/0091","APOTEK RIDO FARMA TANJUNGLAYA"
"SJ/SMR/SF/BDG/23/I/0092","APOTEK SHANDRA"
"SJ/SMR/SF/BDG/23/I/0093","APOTEK RICKY FARMA"
"SJ/SMR/SF/BDG/23/I/0094","APOTEK SADANG SERANG"
"SJ/SMR/SF/BDG/23/I/0095","APOTEK SUMBER SARI"
"SJ/SMR/SF/BDG/23/I/0096","TOKO RINI"
"SJ/SMR/SF/BDG/23/I/0097","APOTEK BETA MEDIK"
"SJ/SMR/SF/BDG/23/I/0098","APOTEK MEGA RAYA"
"SJ/SMR/SF/BDG/23/I/0099","APOTEK K-24 BATUJAJAR"
"SJ/SMR/SF/BDG/23/I/0100","APOTEK SASAKBUBUR"
"SJ/SMR/SF/BDG/23/I/0101","APOTEK SUMBER SARI"
"SJ/SMR/SF/BDG/23/I/0102","PT. SENFERA MAKMUR INDONESIA"
"SJ/SMR/SF/BDG/23/I/0103","APOTEK KK"
"SJ/SMR/SF/BDG/23/I/0104","APOTEK NALAWIJAYA FARMA"
"SJ/SMR/SF/BDG/23/I/0105","APOTEK AL-SHAQIRI"
"SJ/SMR/SF/BDG/23/I/0106","APOTEK CIPAGERAN"
"SJ/SMR/SF/BDG/23/I/0107","APOTEK GRAVITA FARMA"
"SJ/SMR/SF/BDG/23/I/0108","APOTEK KENFA FARMA"
"SJ/SMR/SF/BDG/23/I/0109","APOTEK SUMBER SARI"
"SJ/SMR/SF/BDG/23/I/0110","APOTEK AMANAH PRIMA"
"SJ/SMR/SF/BDG/23/I/0111","APOTEK FATIMAH FARMA"
"SJ/SMR/SF/BDG/23/I/0112","APOTEK PADA SEHAT"
"SJ/SMR/SF/BDG/23/I/0113","APOTEK BOJONGSOANG MEDIKA"
"SJ/SMR/SF/BDG/23/II/0114","APOTEK SUMBER SARI"
"SJ/SMR/SF/BDG/23/II/0115","APOTEK SITA"
"Sj/SMR/SF/BDG/23/II/0116","APOTEK GRACE"
"SJ/SMR/SF/BDG/23/II/0117","APOTEK SUMBER SARI"
"SJ/SMR/SF/BDG/23/II/0118","APOTEK ARRA"
"SJ/SMR/SF/BDG/23/II/0119","APOTEK K-24 GUNUNG BATU"
"SJ/SMR/SF/BDG/23/II/0120","APOTEK UGIH"
"SJ/SMR/SF/BDG/23/II/0121","APOTEK ZAID FARMA"
"SJ/SMR/SF/BDG/23/II/0122","APOTEK PAKUAN"
"SJ/SMR/SF/BDG/23/II/0123","APOTEK PAKUAN"
"SJ/SMR/SF/BDG/23/II/0124","APOTEK KURNIA FARMA SEHAT"
"SJ/SMR/SF/BDG/23/II/0125","APOTEK SUMBER SARI"
"SJ/SMR/SF/BDG/23/II/0126","APOTEK BAROKAH LASWI"
"SJ/SMR/SF/BDG/23/II/0127","APOTEK MANDIRI BOJONGLOA"
"SJ/SMR/SF/BDG/23/II/0128","APOTEK K-24 BATUJAJAR"
"SJ/SMR/SF/BDG/23/II/0129","APOTEK ARSAYA"
"SJ/SMR/SF/BDG/23/II/0130","APOTEK JAYA FARMA PACET"
"SJ/SMR/SF/BDG/23/II/0131","APOTEK YASIN"
"SJ/SMR/SF/BDG/23/II/0132","APOTEK IBRAR FARMA"
"SJ/SMR/SF/BDG/23/II/0133","TO. CIJERUK"
"SJ/SMR/SF/BDG/23/II/0134","APOTEK GERLONG GIRANG"
"SJ/SMR/SF/BDG/23/II/0135","APOTEK SUMBER SARI"
"SJ/SMR/SF/BDG/23/II/0136","APOTEK ANUGERAH SOREANG"
"SJ/SMR/SF/BDG/23/II/0137","APOTEK YOHANA MEDIKA"
"SJ/SMR/SF/BDG/23/II/0138","APOTEK ATING TORIK"
"SJ/SMR/SF/BDG/23/II/0139","APOTEK SUMBER SARI"
"SJ/SMR/SF/BDG/23/II/0140","APOTEK BAKTI ANUGERAH FARMA"
"SJ/SMR/SF/BDG/23/II/0141","APOTEK SOREANG"
"SJ/SMR/SF/BDG/23/II/0142","APOTEK SJ FARMA"
"SJ/SMR/SF/BDG/23/II/0143","APOTEK GUMURUH"
"SJ/SMR/SF/BDG/23/II/0144","TOKO EBZ"
"SJ/SMR/SF/BDG/23/II/0145","APOTEK SUMBER SARI"
"SJ/SMR/SF/BDG/23/II/0146","TO. TERANG FAJAR"
"SJ/SMR/SF/BDG/23/II/0147","TOKO SEBLAK"
"SJ/SMR/SF/BDG/23/II/0148","TOKO NUR"
"SJ/SMR/SF/BDG/23/II/0149","APOTEK MANDIRI CIBADUYUT"
"SJ/SMR/SF/BDG/23/II/0150","APOTEK DEDDY JAYA FARMA"
"SJ/SMR/SF/BDG/23/II/0151","APOTEK SUMBER SARI"
"SJ/SMR/SF/BDG/23/II/0152","APOTEK SIGMA FARMA"
"SJ/SMR/SF/BDG/23/II/0153","TOKO ABANG"
"SJ/SMR/SF/BDG/23/II/0154","APOTEK AL - FATTAH 2"
"SJ/SMR/SF/BDG/23/II/0155","APOTEK LEMAH DUWUR"
"SJ/SMR/SF/BDG/23/II/0157","APOTEK JATISARI"
"SJ/SMR/SF/BDG/23/II/0158","APOTEK SHEILA 2"
"SJ/SMR/SF/BDG/23/II/0159","APOTEK BERKAH FARMA"
"SJ/SMR/SF/BDG/23/II/0160","APOTEK SHANIA"
"SJ/SMR/SF/BDG/23/II/0161","APOTEK BONA FARMA"
"SJ/SMR/SF/BDG/23/II/0162","APOTEK CEMPAKA ARUM"
"SJ/SMR/SF/BDG/23/II/0163","APOTEK HERLINA 2"
"SJ/SMR/SF/BDG/23/II/0164",""
"SJ/SMR/SF/BDG/23/II/0165","APOTEK MEDINA FARMA"
"SJ/SMR/SF/BDG/23/II/0166","APOTEK GRIYA FARMA 7"
"SJ/SMR/SF/BDG/23/II/0167","APOTEK DEKADE HARSA"
"SJ/SMR/SF/BDG/23/II/0168","TOKO BOBY"
"SJ/SMR/SF/BDG/23/II/0169","APOTEK PALTIGA"
"SJ/SMR/SF/BDG/23/II/0170","TOKO TEGUH"
"SJ/SMR/SF/BDG/23/II/0171","TOKO H. HARUN"
"SJ/SMR/SF/BDG/23/II/0172","APOTEK MU"
"SJ/SMR/SF/BDG/23/II/0173","APOTEK SALUYU SEHAT"
"SJ/SMR/SF/BDG/23/II/0174","APOTEK SUMBER SARI"
"SJ/SMR/SF/BDG/23/II/0175","APOTEK BOJONGSARI"
"SJ/SMR/SF/BDG/23/II/0176","TOKO SEJAHTERA RANCAEKEK"
"SJ/SMR/SF/BDG/23/II/0177","APOTEK RAFA REFA"
"SJ/SMR/SF/BDG/23/II/0178","APOTEK PARAHITA"
"SJ/SMR/SF/BDG/23/II/0179","APOTEK BONA FARMA"
"SJ/SMR/SF/BDG/23/II/0180","APOTEK HD BOJONGSARI"
"SJ/SMR/SF/BDG/23/II/0181","APOTEK SALUYU FARMA"
"SJ/SMR/SF/BDG/23/II/0182","APOTEK SUMBER SARI"
"SJ/SMR/SF/BDG/23/II/0183","APOTEK FITRI FARMA"
"SJ/SMR/SF/BDG/23/II/0184","APOTEK ARIF FARMA"
"SJ/SMR/SF/BDG/23/II/0185","APOTEK LATIEF FARMA"
"SJ/SMR/SF/BDG/23/II/0186","TOKO SAKILLA 2"
"SJ/SMR/SF/BDG/23/II/0187","APOTEK BODOGOL DUA"
"SJ/SMR/SF/BDG/23/II/0188","TOKO LESTARI"
"SJ/SMR/SF/BDG/23/II/0189","APOTEK FATIMAH FARMA"
"SJ/SMR/SF/BDG/23/II/0190","APOTEK IMBI"
"SJ/SMR/SF/BDG/23/II/0191","APOTEK HIROSAH"
"SJ/SMR/SF/BDG/23/II/0192","APOTEK SUMBER SARI"
"SJ/SMR/SF/BDG/23/II/0193","APOTEK SUMBER SARI"
"SJ/SMR/SF/BDG/23/II/0194","APOTEK MEDIKA SEHAT"
"SJ/SMR/SF/BDG/23/II/0195","APOTEK CEMARA PANGHEGAR"
"SJ/SMR/SF/BDG/23/II/0196","APOTEK K-24 PADALARANG"
"SJ/SMR/SF/BDG/23/II/0197","APOTEK YASIN"
"SJ/SMR/SF/BDG/23/II/0198","APOTEK SJ FARMA"
"SJ/SMR/SF/BDG/23/II/0199","APOTEK CAHAYA FARMA DAYEUHKOLOT"
"Sj/SMR/SF/BDG/23/II/0200","APOTEK MIHARDJA FARMA"
"Sj/SMR/SF/BDG/23/II/0201","APOTEK SUMBER SARI"
"Sj/SMR/SF/BDG/23/II/0202","APOTEK GERLONG GIRANG"
"SJ/SMR/SF/BDG/23/II/0203","APOTEK GRIYA FARMA CIBEUREM"
"SJ/SMR/SF/BDG/23/II/0204","APOTEK SUMBER SARI"
"SJ/SMR/SF/BDG/23/II/0205","APOTEK UGIH"
"SJ/SMR/SF/BDG/23/II/0206","APOTEK ALMA FELIZ"
"SJ/SMR/SF/BDG/23/II/0207","TO. 21"
"SJ/SMR/SF/BDG/23/II/0208","APOTEK K24 TERUSAN KOPO"
"SJ/SMR/SF/BDG/23/II/0209","APOTEK SEHATI JAYA"
"SJ/SMR/SF/BDG/23/II/0210","APOTEK HASANAH FARMA"
"SJ/SMR/SF/BDG/23/II/0211","APOTEK AFIAT JAYA"
"SJ/SMR/SF/BDG/23/II/0212","APOTEK AMANI FARMA"
"SJ/SMR/SF/BDG/23/II/0213","APOTEK KIARA ANUGRAH"
"SJ/SMR/SF/BDG/23/II/0214","APOTEK SUMBER SARI"
"SJ/SMR/SF/BDG/23/II/0215","APOTEK K-24 BATUJAJAR"
"SJ/SMR/SF/BDG/23/II/0216","APOTEK MULYADI FARMA"
"SJ/SMR/SF/BDG/23/II/0217","APOTEK SASAKBUBUR"
"SJ/SMR/SF/BDG/23/II/0218","APOTEK SHANIA"
"SJ/SMR/SF/BDG/23/II/0219","APOTEK CIKONENG"
"SJ/SMR/SF/BDG/23/II/0220","APOTEK YEMIMA BANDUNG KULON"
"SJ/SMR/SF/BDG/23/II/0221","TOKO BARU"
"SJ/SMR/SF/BDG/23/II/0222","APOTEK SUMBER SARI"
"SJ/SMR/SF/BDG/23/II/0223","APOTEK SUMBER SARI"
"SJ/SMR/SF/BDG/23/II/0224","APOTEK SUMBER SARI"
"SJ/SMR/SF/BDG/23/II/0225","APOTEK SAUYUNAN"
"SJ/SMR/SF/BDG/23/II/0226","APOTEK SUMBER SARI"
"SJ/SMR/SF/BDG/23/III/0227",""
"SJ/SMR/SF/BDG/23/III/0228","APOTEK YOVITA FARMA"
"SJ/SMR/SF/BDG/23/III/0229","APOTEK SUMBER SARI"
"SJ/SMR/SF/BDG/23/III/0230","APOTEK SUMBER SARI"
"SJ/SMR/SF/BDG/23/III/0231","TO. TERANG FAJAR"
"SJ/SMR/SF/BDG/23/III/0232","APOTEK KK"
"SJ/SMR/SF/BDG/23/III/0233","APOTEK SOREANG"
"SJ/SMR/SF/BDG/23/III/0234","TOKO ASYRI"
"SJ/SMR/SF/BDG/23/III/0235","APOTEK JEMBAR RAYA"
"SJ/SMR/SF/BDG/23/III/0236","APOTEK C07"
"SJ/SMR/SF/BDG/23/III/0237","APOTEK HIROSAH"
"SJ/SMR/SF/BDG/23/III/0238","APOTEK SUMBER SARI"
"SJ/SMR/SF/BDG/23/III/0239","APOTEK SHANIA"
"Sj/SMR/SF/BDG/23/III/0240","APOTEK KIARA ANUGRAH"
"Sj/SMR/SF/BDG/23/III/0241","TO. DAN KOSMETIK MAULANA"
"Sj/SMR/SF/BDG/23/III/0242","APOTEK SUMBER SARI"
"SJ/SMR/SF/BDG/23/III/0243","APOTEK SINARKA"
"SJ/SMR/SF/BDG/23/III/0244","APOTEK RIDO FARMA TANJUNGLAYA"
"SJ/SMR/SF/BDG/23/III/0245","APOTEK FATIMAH FARMA"
"SJ/SMR/SF/BDG/23/III/0246","APOTEK IMBI"
"SJ/SMR/SF/BDG/23/III/0247","APOTEK SUMBER SARI"
"SJ/SMR/SF/BDG/23/III/0248","APOTEK SUMBER SARI"
"SJ/SMR/SF/BDG/23/III/0249","APOTEK PINTU AER"
"SJ/SMR/SF/BDG/23/III/0250","APOTEK K-24 GUNUNG BATU"
"SJ/SMR/SF/BDG/23/III/0251",""
"SJ/SMR/SF/BDG/23/III/0252","APOTEK GALAXY"
"SJ/SMR/SF/BDG/23/III/0253","APOTEK INFARMA"
"SJ/SMR/SF/BDG/23/III/0254","APOTEK UGIH"
"SJ/SMR/SF/BDG/23/III/0255","APOTEK SURYA SEHAT"
"SJ/SMR/SF/BDG/23/III/0256","APOTEK GRAVITA FARMA"
"SJ/SMR/SF/BDG/23/III/0257","APOTEK SUMBER SARI"
"SJ/SMR/SF/BDG/23/III/0258","APOTEK LATIEF FARMA"
"SJ/SMR/SF/BDG/23/III/0259","APOTEK K-24 BATUJAJAR"
"SJ/SMR/SF/BDG/23/III/0260","APOTEK SEHAT FARMA BATUJAJAR"
"SJ/SMR/SF/BDG/23/III/0261","APOTEK BATUJAJAR"
"SJ/SMR/SF/BDG/23/III/0262","APOTEK SUMBER SARI"
"SJ/SMR/SF/BDG/23/III/0263","APOTEK SUMBER SARI"
"SJ/SMR/SF/BDG/23/III/0264","APOTEK SASAKBUBUR"
"SJ/SMR/SF/BDG/23/III/0265","TOKO DEWI"
"SJ/SMR/SF/BDG/23/III/0266","APOTEK RESTU IBU MARGAASIH"
"SJ/SMR/SF/BDG/23/III/0267","APOTEK SUMBER SARI"
"SJ/SMR/SF/BDG/23/III/0268","APOTEK DAIRI"
"SJ/SMR/SF/BDG/23/III/0269","APOTEK ATING TORIK"
"SJ/SMR/SF/BDG/23/III/0270","APOTEK SUMBER SARI"
"SJ/SMR/SF/BDG/23/III/0271","APOTEK SUMBER SARI"
"SJ/SMR/SF/BDG/23/III/0272","APOTEK ANUGERAH SOREANG"
"SJ/SMR/SF/BDG/23/III/0273","APOTEK YASIN"
"SJ/SMR/SF/BDG/23/III/0274","APOTEK SJ FARMA"
"SJ/SMR/SF/BDG/23/III/0275","APOTEK MIHARDJA FARMA"
"SJ/SMR/SF/BDG/23/III/0276","TO. TERANG FAJAR"
"SJ/SMR/SF/BDG/23/III/0277","APOTEK SUMBER SARI"
"SJ/SMR/SF/BDG/23/III/0278","APOTEK SUMBER SARI"
"SJ/SMR/SF/BDG/23/III/0279","TOKO MAWAR INTI"
"SJ/SMR/SF/BDG/23/III/0280","APOTEK RIDO FARMA TANJUNGLAYA"
"SJ/SMR/SF/BDG/23/III/0281","APOTEK BALADEWA 2"
"SJ/SMR/SF/BDG/23/III/0282","APOTEK SUMBER SARI"
"SJ/SMR/SF/BDG/23/III/0283","APOTEK SUMBER SARI"
"SJ/SMR/SF/BDG/23/III/0284","APOTEK SUMBER SARI"
"SJ/SMR/SF/BDG/23/III/0285","TOKO AGUNG"
"SJ/SMR/SF/BDG/23/III/0286","APOTEK RAFA REFA"
"SJ/SMR/SF/BDG/23/III/0287","APOTEK MEDIKA SEHAT"
"SJ/SMR/SF/BDG/23/III/0288","APOTEK PAKUAN"
"SJ/SMR/SF/BDG/23/III/0289","APOTEK MIHARDJA FARMA"
"SJ/SMR/SF/BDG/23/III/0290","APOTEK SUMBER SARI"
"SJ/SMR/SF/BDG/23/III/0291","APOTEK SUMBER SARI"
"SJ/SMR/SF/BDG/23/III/0292","TOKO EBZ"
"SJ/SMR/SF/BDG/23/III/0293","APOTEK GRACE"
"SJ/SMR/SF/BDG/23/III/0294","APOTEK SUKAGALIH"
"SJ/SMR/SF/BDG/23/III/0295","APOTEK SUMBER SARI"
"SJ/SMR/SF/BDG/23/III/0296","APOTEK SUMBER SARI"
"SJ/SMR/SF/BDG/23/III/0297","APOTEK SHANIA"
"SJ/SMR/SF/BDG/23/III/0298","APOTEK SUMBER SARI"
"SJ/SMR/SF/BDG/23/III/0299","APOTEK SUMBER SARI"
"SJ/SMR/SF/BDG/23/III/0300","APOTEK K-24 PADALARANG"
"SJ/SMR/SF/BDG/23/III/0301","APOTEK GRACIA FARMA"
"SJ/SMR/SF/BDG/23/III/0302","APOTEK IMBI"
"SJ/SMR/SF/BDG/23/III/0303","APOTEK FATIMAH FARMA"
"SJ/SMR/SF/BDG/23/III/0304","APOTEK LEMAH DUWUR"
"SJ/SMR/SF/BDG/23/III/0305","APOTEK PUTRA FARMA 2"
"SJ/SMR/SF/BDG/23/III/0306","APOTEK SUMBER SARI"
"SJ/SMR/SF/BDG/23/III/0307","APOTEK SUMBER SARI"
"SJ/SMR/SF/BDG/23/III/0308","APOTEK MULYADI FARMA"
"SJ/SMR/SF/BDG/23/III/0309","APOTEK LATIEF FARMA"
"SJ/SMR/SF/BDG/23/III/0310","APOTEK SUMBER SARI"
"SJ/SMR/SF/BDG/23/III/0311","APOTEK UGIH"
"SJ/SMR/SF/BDG/23/III/0312","APOTEK KAYANA"
"SJ/SMR/SF/BDG/23/III/0313","TOKO SAKILLA 2"
"SJ/SMR/SF/BDG/23/III/0314","APOTEK BOJONGSARI"
"SJ/SMR/SF/BDG/23/III/0315","APOTEK SUMBER SARI"
"SJ/SMR/SF/BDG/23/III/0316","APOTEK PALTIGA"
"SJ/SMR/SF/BDG/23/III/0317","APOTEK MULTAZAM RANCAEKEK"
"SJ/SMR/SF/BDG/23/III/0318","APOTEK ARIF FARMA"
"SJ/SMR/SF/BDG/23/III/0319","APOTEK SUMBER SARI"
"SJ/SMR/SF/BDG/23/III/0320","APOTEK SUMBER SARI"
"SJ/SMR/SF/BDG/23/III/0321","APOTEK SEHATI CIMAHI TENGAH"
"SJ/SMR/SF/BDG/23/III/0322","APOTEK FITRI FARMA"
"SJ/SMR/SF/BDG/23/III/0323","TOKO LANGGAN MAJALAYA"
"SJ/SMR/SF/BDG/23/III/0324","APOTEK BODOGOL DUA"
"SJ/SMR/SF/BDG/23/III/0325","APOTEK GRAVITA FARMA"
"SJ/SMR/SF/BDG/23/III/0326","APOTEK JAMIKA FARMA"
"SJ/SMR/SF/BDG/23/III/0327","APOTEK SUMBER SARI"
"SJ/SMR/SF/BDG/23/III/0328","APOTEK FITROH FARMA"
"SJ/SMR/SF/BDG/23/III/0329","APOTEK JATISARI"
"SJ/SMR/SF/BDG/23/III/0330","TOKO ADIF"
"SJ/SMR/SF/BDG/23/III/0331","APOTEK BERKAH FARMA"
"SJ/SMR/SF/BDG/23/III/0332","APOTEK WALAGRI FARMA"
"SJ/SMR/SF/BDG/23/III/0333","APOTEK SUMBER SARI"
"SJ/SMR/SF/BDG/23/III/0334","APOTEK SUMBER SARI"
"SJ/SMR/SF/BDG/23/III/0335","APOTEK ESA FARMA"
"SJ/SMR/SF/BDG/23/IV/0336","APOTEK CIKONENG"
"SJ/SMR/SF/BDG/23/IV/0337","APOTEK SJ FARMA"
"SJ/SMR/SF/BDG/23/IV/0338","APOTEK MITRA KELUARGA"
"SJ/SMR/SF/BDG/23/IV/0339","APOTEK YEMIMA BANDUNG KULON"
"SJ/SMR/SF/BDG/23/IV/0340","APOTEK SURYA SEHAT"
"SJ/SMR/SF/BDG/23/IV/0341","APOTEK HIROSAH"
"SJ/SMR/SF/BDG/23/IV/0342","APOTEK SUMBER SARI"
"SJ/SMR/SF/BDG/23/IV/0343","APOTEK HASANAH FARMA"
"SJ/SMR/SF/BDG/23/IV/0344","APOTEK SUMBER SARI"
"SJ/SMR/SF/BDG/23/IV/0345","APOTEK SUMBER SARI"
"SJ/SMR/SF/BDG/23/IV/0346","APOTEK GRIYA FARMA 7"
"SJ/SMR/SF/BDG/23/IV/0347","APOTEK SUMBER SARI"
"SJ/SMR/SF/BDG/23/IV/0348","APOTEK SOREANG"
"SJ/SMR/SF/BDG/23/IV/0349","APOTEK ANUGERAH SOREANG"
"SJ/SMR/SF/BDG/23/IV/0350","APOTEK IKHWAN SOREANG"
"SJ/SMR/SF/BDG/23/IV/0351","APOTEK SUMBER SARI"
"SJ/SMR/SF/BDG/23/IV/0352","APOTEK ATING TORIK"
"SJ/SMR/SF/BDG/23/IV/0353","APOTEK SUMBER SARI"
"SJ/SMR/SF/BDG/23/IV/0354","APOTEK RAI AFFIYAH SOREANG"
"SJ/SMR/SF/BDG/23/IV/0355","APOTEK KIARA ANUGRAH"
"SJ/SMR/SF/BDG/23/IV/0356","TOKO NUR"
"SJ/SMR/SF/BDG/23/IV/0357","APOTEK DIORA MEDIKA"
"SJ/SMR/SF/BDG/23/IV/0358","APOTEK GEMILANG FARMA"
"SJ/SMR/SF/BDG/23/IV/0359","APOTEK BONA FARMA"
"SJ/SMR/SF/BDG/23/IV/0360","APOTEK K-24 BATUJAJAR"
"SJ/SMR/SF/BDG/23/IV/0361","APOTEK K-24 GUNUNG BATU"
"SJ/SMR/SF/BDG/23/IV/0362","APOTEK SUMBER SARI"
"SJ/SMR/SF/BDG/23/IV/0363","APOTEK SUMBER SARI"
"SJ/SMR/SF/BDG/23/IV/0364","APOTEK SHANIA"
"SJ/SMR/SF/BDG/23/IV/0365","APOTEK HERLINA 2"
"SJ/SMR/SF/BDG/23/IV/0366","APOTEK ELFA FARMA"
"SJ/SMR/SF/BDG/23/IV/0367","TO. ABADI RANCAEKEK"
"SJ/SMR/SF/BDG/23/IV/0368","APOTEK ALSEN FARMA"
"SJ/SMR/SF/BDG/23/IV/0369","APOTEK RIDO FARMA TANJUNGLAYA"
"SJ/SMR/SF/BDG/23/IV/0370","TOKO EBZ"
"SJ/SMR/SF/BDG/23/IV/0371","APOTEK TRIANA FARMA"
"SJ/SMR/SF/BDG/23/IV/0372","APOTEK SUMBER SARI"
"SJ/SMR/SF/BDG/23/IV/0373","APOTEK SUMBER SARI"
"SJ/SMR/SF/BDG/23/IV/0374","APOTEK DEKADE HARSA"
"SJ/SMR/SF/BDG/23/IV/0375","TO. YOKO"
"SJ/SMR/SF/BDG/23/IV/0376","APOTEK SUMBER SARI"
"SJ/SMR/SF/BDG/23/IV/0377","APOTEK SUMBER SARI"
"SJ/SMR/SF/BDG/23/IV/0378","APOTEK BONA FARMA"
"SJ/SMR/SF/BDG/23/IV/0379","APOTEK CIPTA KARYA PHARMASI"
"SJ/SMR/SF/BDG/23/IV/0380","APOTEK MIHARDJA FARMA"
"SJ/SMR/SF/BDG/23/IV/0381","APOTEK SUMBER SARI"
"SJ/SMR/SF/BDG/23/IV/0382","TO. CIJERUK"
"SJ/SMR/SF/BDG/23/IV/0383","APOTEK AL - FATTAH 2"
"SJ/SMR/SF/BDG/23/IV/0384","APOTEK YASIN"
"SJ/SMR/SF/BDG/23/IV/0385","APOTEK PINTU AER"
"SJ/SMR/SF/BDG/23/IV/0386","APOTEK TIGA SEHAT"
"SJ/SMR/SF/BDG/23/IV/0387","APOTEK SUMBER SARI"
"SJ/SMR/SF/BDG/23/IV/0388","APOTEK FATIMAH FARMA"
"SJ/SMR/SF/BDG/23/IV/0389","TO. TERANG FAJAR"
"SJ/SMR/SF/BDG/23/IV/0390","APOTEK GALAXY"
"SJ/SMR/SF/BDG/23/IV/0391","APOTEK RIUNG BANDUNG"
"SJ/SMR/SF/BDG/23/IV/0392","APOTEK GRAVITA FARMA"
"SJ/SMR/SF/BDG/23/IV/0393","APOTEK BALADEWA 2"
"SJ/SMR/SF/BDG/23/IV/0394","APOTEK SUMBER SARI"
"SJ/SMR/SF/BDG/23/IV/0395","APOTEK KK"
"SJ/SMR/SF/BDG/23/IV/0396","APOTEK SUMBER SARI"
"SJ/SMR/SF/BDG/23/IV/0397","APOTEK SUMBER SARI"
"SJ/SMR/SF/BDG/23/IV/0398","TOKO ARYA"
"SJ/SMR/SF/BDG/23/IV/0399","APOTEK SJ FARMA"
"SJ/SMR/SF/BDG/23/IV/0400","APOTEK KURNIA JAYA KOPO"
"SJ/SMR/SF/BDG/23/IV/0401","APOTEK MU"
"SJ/SMR/SF/BDG/23/IV/0402","APOTEK BAROKAH LASWI"
"SJ/SMR/SF/BDG/23/IV/0403","APOTEK UGIH"
"SJ/SMR/SF/BDG/23/IV/0404","APOTEK SUMBER SARI"
"SJ/SMR/SF/BDG/23/IV/0405","APOTEK SUMBER SARI"
"SJ/SMR/SF/BDG/23/IV/0406","APOTEK SASAKBUBUR"
"SJ/SMR/SF/BDG/23/IV/0407","TOKO H. HARUN"
"SJ/SMR/SF/BDG/23/IV/0408","APOTEK SEHATI JAYA"
"SJ/SMR/SF/BDG/23/IV/0409","APOTEK SUMBER SARI"
"SJ/SMR/SF/BDG/23/IV/0410","APOTEK SUMBER SARI"
"SJ/SMR/SF/BDG/23/IV/0411","APOTEK ATING TORIK"
"SJ/SMR/SF/BDG/23/IV/0412","APOTEK RAFA REFA"
"SJ/SMR/SF/BDG/23/IV/0413","APOTEK BERKAH FARMA"
"SJ/SMR/SF/BDG/23/IV/0414","APOTEK CIKONENG"
"SJ/SMR/SF/BDG/23/IV/0415","APOTEK MITRA KELUARGA"
"SJ/SMR/SF/BDG/23/IV/0416","TO. 21"
"SJ/SMR/SF/BDG/23/IV/0417","APOTEK YASIN"
"SJ/SMR/SF/BDG/23/IV/0418","APOTEK KIARA ANUGRAH"
"SJ/SMR/SF/BDG/23/IV/0419","APOTEK SUMBER SARI"
"SJ/SMR/SF/BDG/23/IX/0929","APOTEK FITROH FARMA"
"SJ/SMR/SF/BDG/23/IX/0930","APOTEK SUMBER SARI"
"SJ/SMR/SF/BDG/23/IX/0931","APOTEK SUKAGALIH"
"SJ/SMR/SF/BDG/23/IX/0932","APOTEK SJ FARMA"
"SJ/SMR/SF/BDG/23/IX/0933","APOTEK SUMBER SARI"
"SJ/SMR/SF/BDG/23/IX/0934","APOTEK SUMBER SARI"
"SJ/SMR/SF/BDG/23/IX/0935","APOTEK CIKONENG"
"SJ/SMR/SF/BDG/23/IX/0936","APOTEK MEDIKA SEHAT"
"SJ/SMR/SF/BDG/23/IX/0937","TOKO BARU"
"SJ/SMR/SF/BDG/23/IX/0938","APOTEK SHANDRA"
"SJ/SMR/SF/BDG/23/IX/0939","APOTEK AL - FATTAH 2"
"SJ/SMR/SF/BDG/23/IX/0940","APOTEK GRIYA FARMA 7"
"SJ/SMR/SF/BDG/23/IX/0941","TOKO MEDIKA"
"SJ/SMR/SF/BDG/23/IX/0942","APOTEK ANUGERAH SOREANG"
"SJ/SMR/SF/BDG/23/IX/0943","APOTEK SUMBER SARI"
"SJ/SMR/SF/BDG/23/IX/0944","APOTEK SUMBER SARI"
"SJ/SMR/SF/BDG/23/IX/0945","APOTEK MEKAR JAYA"
"SJ/SMR/SF/BDG/23/IX/0946","APOTEK RIDO FARMA TANJUNGLAYA"
"SJ/SMR/SF/BDG/23/IX/0947","APOTEK CIKONENG"
"SJ/SMR/SF/BDG/23/IX/0948","APOTEK YASIN"
"SJ/SMR/SF/BDG/23/IX/0949","APOTEK SUMBER SARI"
"SJ/SMR/SF/BDG/23/IX/0950","APOTEK JEMBAR JAYA"
"SJ/SMR/SF/BDG/23/IX/0951","APOTEK CIKONENG"
"SJ/SMR/SF/BDG/23/IX/0952","APOTEK FIRA FARMA"
"SJ/SMR/SF/BDG/23/IX/0953","APOTEK SOREANG"
"SJ/SMR/SF/BDG/23/IX/0954","APOTEK SUMBER SARI"
"SJ/SMR/SF/BDG/23/IX/0955","APOTEK SUMBER SARI"
"SJ/SMR/SF/BDG/23/IX/0956","TOKO TEGUH"
"SJ/SMR/SF/BDG/23/IX/0957","APOTEK RAFA REFA"
"SJ/SMR/SF/BDG/23/IX/0958","APOTEK RAFA REFA"
"SJ/SMR/SF/BDG/23/IX/0959","APOTEK SHANIA"
"SJ/SMR/SF/BDG/23/IX/0960","APOTEK SALUYU SEHAT"
"SJ/SMR/SF/BDG/23/IX/0961","TOKO KUDO PATINNASARANY"
"SJ/SMR/SF/BDG/23/IX/0962","APOTEK SUMBER SARI"
"SJ/SMR/SF/BDG/23/IX/0963","APOTEK SURYA SEHAT"
"SJ/SMR/SF/BDG/23/IX/0964","APOTEK ZAHRA FARMA"
"SJ/SMR/SF/BDG/23/IX/0965","TO. ABADI RANCAEKEK"
"SJ/SMR/SF/BDG/23/IX/0966","APOTEK SUMBER SARI"
"SJ/SMR/SF/BDG/23/IX/0967","APOTEK SUMBER SARI"
"SJ/SMR/SF/BDG/23/IX/0968","APOTEK CIKONENG"
"SJ/SMR/SF/BDG/23/IX/0969","APOTEK KK"
"SJ/SMR/SF/BDG/23/IX/0970","APOTEK CIKONENG"
"SJ/SMR/SF/BDG/23/IX/0971","APOTEK SUMBER SARI"
"SJ/SMR/SF/BDG/23/IX/0972","APOTEK SUMBER SARI"
"SJ/SMR/SF/BDG/23/IX/0973","APOTEK SUMBER SARI"
"SJ/SMR/SF/BDG/23/IX/0979","APOTEK SUMBER SARI"
"SJ/SMR/SF/BDG/23/IX/0980","APOTEK FATIMAH FARMA"
"SJ/SMR/SF/BDG/23/IX/0981","APOTEK SUMBER SARI"
"SJ/SMR/SF/BDG/23/IX/0982","APOTEK SUMBER SARI"
"SJ/SMR/SF/BDG/23/IX/0983","APOTEK SUMBER SARI"
"SJ/SMR/SF/BDG/23/IX/0984","APOTEK SUMBER SARI"
"SJ/SMR/SF/BDG/23/IX/0985","APOTEK SUMBER SARI"
"SJ/SMR/SF/BDG/23/IX/0986","APOTEK PUTRA FARMA 2"
"SJ/SMR/SF/BDG/23/IX/0987","APOTEK BERKAH FARMA"
"SJ/SMR/SF/BDG/23/IX/0988","APOTEK FAUZUL FARMA"
"SJ/SMR/SF/BDG/23/IX/0989","APOTEK SUKAGALIH"
"SJ/SMR/SF/BDG/23/IX/0990","APOTEK SUKAGALIH"
"SJ/SMR/SF/BDG/23/IX/0991","APOTEK SWADAYA SEHAT"
"SJ/SMR/SF/BDG/23/IX/0992","APOTEK PINUS"
"SJ/SMR/SF/BDG/23/IX/0993","APOTEK SUMBER SARI"
"SJ/SMR/SF/BDG/23/IX/0995","APOTEK SUMBER SARI"
"SJ/SMR/SF/BDG/23/IX/0996","APOTEK ALSEN FARMA"
"SJ/SMR/SF/BDG/23/IX/0997","APOTEK SUMBER SARI"
"SJ/SMR/SF/BDG/23/IX/0998","APOTEK SINAR GALIH"
"SJ/SMR/SF/BDG/23/IX/0999","APOTEK CIKONENG"
"SJ/SMR/SF/BDG/23/IX/1000","APOTEK RAFA REFA"
"SJ/SMR/SF/BDG/23/IX/1001","TO. YOKO"
"SJ/SMR/SF/BDG/23/IX/1002","APOTEK SUMBER SARI"
"SJ/SMR/SF/BDG/23/IX/1003","APOTEK SUMBER SARI"
"SJ/SMR/SF/BDG/23/IX/1004","APOTEK SJ FARMA"
"SJ/SMR/SF/BDG/23/IX/1005","APOTEK SUMBER SARI"
"SJ/SMR/SF/BDG/23/IX/1006","TOKO LANGGAN MAJALAYA"
"SJ/SMR/SF/BDG/23/IX/1007","APOTEK SALUYU SEHAT"
"SJ/SMR/SF/BDG/23/IX/1008","APOTEK SHAFIYA ZAHRA"
"SJ/SMR/SF/BDG/23/IX/1009","APOTEK SUMBER SARI"
"SJ/SMR/SF/BDG/23/IX/1010","APOTEK MARGAHAYU"
"SJ/SMR/SF/BDG/23/IX/1011","APOTEK MEKAR JAYA"
"SJ/SMR/SF/BDG/23/IX/1012","TOKO GOLPITU"
"SJ/SMR/SF/BDG/23/IX/1013","APOTEK ATING TORIK"
"SJ/SMR/SF/BDG/23/IX/1014","APOTEK RAI AFFIYAH SOREANG"
"SJ/SMR/SF/BDG/23/IX/1015","APOTEK SUMBER SARI"
"SJ/SMR/SF/BDG/23/IX/1016","APOTEK SUMBER SARI"
"SJ/SMR/SF/BDG/23/IX/1017","TOKO SEBLAK"
"SJ/SMR/SF/BDG/23/IX/1018","TOKO NUR"
"SJ/SMR/SF/BDG/23/IX/1019","TOKO ASSA JAYA"
"SJ/SMR/SF/BDG/23/IX/1020","APOTEK SUMBER SARI"
"SJ/SMR/SF/BDG/23/IX/1021","APOTEK SUMBER SARI"
"SJ/SMR/SF/BDG/23/IX/1022","APOTEK CIKONENG"
"SJ/SMR/SF/BDG/23/IX/1023","APOTEK CIKONENG"
"SJ/SMR/SF/BDG/23/IX/1024","APOTEK K-24 BATUJAJAR"
"SJ/SMR/SF/BDG/23/IX/1025","APOTEK GRACE"
"SJ/SMR/SF/BDG/23/IX/1026","APOTEK GERLONG GIRANG"
"SJ/SMR/SF/BDG/23/IX/1027","TOKO BU BETI"
"SJ/SMR/SF/BDG/23/IX/1028","APOTEK SUMBER SARI"
"SJ/SMR/SF/BDG/23/IX/1029","APOTEK SUMBER SARI"
"SJ/SMR/SF/BDG/23/IX/1030","APOTEK INDRAYASA MEDIKA"
"SJ/SMR/SF/BDG/23/IX/1031","APOTEK GRAVITA FARMA"
"SJ/SMR/SF/BDG/23/IX/1032","APOTEK SUMBER SARI"
"SJ/SMR/SF/BDG/23/IX/1033","APOTEK SUMBER SARI"
"SJ/SMR/SF/BDG/23/IX/1034","TO. ABADI RANCAEKEK"
"SJ/SMR/SF/BDG/23/IX/1035","APOTEK SUMBER SARI"
"SJ/SMR/SF/BDG/23/IX/1036","APOTEK SUMBER SARI"
"SJ/SMR/SF/BDG/23/IX/1037","APOTEK SUMBER SARI"
"SJ/SMR/SF/BDG/23/IX/1038","APOTEK SEKELOA"
"SJ/SMR/SF/BDG/23/IX/1039","APOTEK JATISARI"
"SJ/SMR/SF/BDG/23/IX/1041","APOTEK SUMBER SARI"
"SJ/SMR/SF/BDG/23/IX/1042","APOTEK SUMBER SARI"
"SJ/SMR/SF/BDG/23/IX/1043","APOTEK SUMBER SARI"
"SJ/SMR/SF/BDG/23/IX/1044","TO. DAN KOSMETIK SETUJU KIARACONDONG"
"SJ/SMR/SF/BDG/23/IX/1045","TOKO H. HARUN"
"SJ/SMR/SF/BDG/23/IX/1046","APOTEK JAYA WARINGKAS"
"Sj/SMR/SF/BDG/23/V/0420","APOTEK SINAR GALIH"
"Sj/SMR/SF/BDG/23/V/0421","APOTEK ELFA FARMA"
"Sj/SMR/SF/BDG/23/V/0422","APOTEK MIHARDJA FARMA"
"Sj/SMR/SF/BDG/23/V/0423","APOTEK YEMIMA BANDUNG KULON"
"Sj/SMR/SF/BDG/23/V/0424","TOKO AGUNG"
"Sj/SMR/SF/BDG/23/V/0425","APOTEK DIORA MEDIKA"
"SJ/SMR/SF/BDG/23/V/0426","APOTEK SURYA SEHAT"
"SJ/SMR/SF/BDG/23/V/0427","APOTEK ALRASYID DAN KLINIK RANCAMANYAR"
"SJ/SMR/SF/BDG/23/V/0428","APOTEK CAHAYA FARMA DAYEUHKOLOT"
"SJ/SMR/SF/BDG/23/V/0429","TOKO EBZ"
"SJ/SMR/SF/BDG/23/V/0430","APOTEK BISMA"
"SJ/SMR/SF/BDG/23/V/0431","APOTEK SUMBER SARI"
"SJ/SMR/SF/BDG/23/V/0432","APOTEK SHANIA"
"SJ/SMR/SF/BDG/23/V/0433","APOTEK FATIMAH FARMA"
"SJ/SMR/SF/BDG/23/V/0434","APOTEK SINARKA"
"SJ/SMR/SF/BDG/23/V/0435","APOTEK K24 TERUSAN KOPO"
"SJ/SMR/SF/BDG/23/V/0436","APOTEK HASANAH FARMA"
"SJ/SMR/SF/BDG/23/V/0437","TO. ABADI RANCAEKEK"
"SJ/SMR/SF/BDG/23/V/0438","APOTEK SUMBER SARI"
"SJ/SMR/SF/BDG/23/V/0439","APOTEK K-24 GUNUNG BATU"
"SJ/SMR/SF/BDG/23/V/0440","APOTEK SUMBER SARI"
"SJ/SMR/SF/BDG/23/V/0441","APOTEK INFARMA"
"SJ/SMR/SF/BDG/23/V/0442","APOTEK MEKARWANGI LAKSANA"
"SJ/SMR/SF/BDG/23/V/0443","TO. JAYA ABADI"
"SJ/SMR/SF/BDG/23/V/0444","TOKO MEDIKA"
"SJ/SMR/SF/BDG/23/V/0445","APOTEK SUMBER SARI"
"SJ/SMR/SF/BDG/23/V/0446","APOTEK SUMBER SARI"
"Sj/SMR/SF/BDG/23/V/0447","APOTEK SAHABAT KOPO"
"Sj/SMR/SF/BDG/23/V/0448","APOTEK SUMBER SARI"
"SJ/SMR/SF/BDG/23/V/0449","APOTEK K-24 BATUJAJAR"
"SJ/SMR/SF/BDG/23/V/0450","APOTEK HERLINA 2"
"SJ/SMR/SF/BDG/23/V/0451","APOTEK SWADAYA SEHAT"
"SJ/SMR/SF/BDG/23/V/0452","APOTEK PARAHITA"
"SJ/SMR/SF/BDG/23/V/0453","APOTEK SUMBER SARI"
"SJ/SMR/SF/BDG/23/V/0454","APOTEK SUMBER SARI"
"SJ/SMR/SF/BDG/23/V/0455","APOTEK RAFA REFA"
"SJ/SMR/SF/BDG/23/V/0456","TOKO ABANG"
"SJ/SMR/SF/BDG/23/V/0457","TO. DAN KOSMETIK MAULANA"
"SJ/SMR/SF/BDG/23/V/0458","APOTEK SUMBER SARI"
"SJ/SMR/SF/BDG/23/V/0459","APOTEK SUMBER SARI"
"SJ/SMR/SF/BDG/23/V/0460","APOTEK PINUS"
"SJ/SMR/SF/BDG/23/V/0461","APOTEK SUMBER SARI"
"SJ/SMR/SF/BDG/23/V/0462","APOTEK SUMBER SARI"
"SJ/SMR/SF/BDG/23/V/0463","APOTEK RIUNG BANDUNG"
"SJ/SMR/SF/BDG/23/V/0464","APOTEK SEKELOA"
"SJ/SMR/SF/BDG/23/V/0465","TOKO BOBY"
"SJ/SMR/SF/BDG/23/V/0466","TOKO SRC IDA"
"SJ/SMR/SF/BDG/23/V/0467","APOTEK SUMBER SARI"
"SJ/SMR/SF/BDG/23/V/0468","APOTEK SUMBER SARI"
"SJ/SMR/SF/BDG/23/V/0469","APOTEK SUMBER SARI"
"SJ/SMR/SF/BDG/23/V/0470","APOTEK CIUMBULEUIT"
"SJ/SMR/SF/BDG/23/V/0471","APOTEK SUKAGALIH"
"SJ/SMR/SF/BDG/23/V/0472","APOTEK VITASARI"
"SJ/SMR/SF/BDG/23/V/0473","APOTEK BATUJAJAR"
"SJ/SMR/SF/BDG/23/V/0474","APOTEK ORION GALANGGANG"
"SJ/SMR/SF/BDG/23/V/0475","APOTEK SUMBER SARI"
"SJ/SMR/SF/BDG/23/V/0476","APOTEK SUMBER SARI"
"SJ/SMR/SF/BDG/23/V/0477","APOTEK SUMBER SARI"
"SJ/SMR/SF/BDG/23/V/0478","APOTEK SUMBER SARI"
"SJ/SMR/SF/BDG/23/V/0479","APOTEK SUMBER SARI"
"SJ/SMR/SF/BDG/23/V/0480","APOTEK KENFA FARMA"
"SJ/SMR/SF/BDG/23/V/0481","APOTEK UGIH"
"SJ/SMR/SF/BDG/23/V/0482","APOTEK SUMBER SARI"
"SJ/SMR/SF/BDG/23/V/0483","APOTEK SUMBER SARI"
"SJ/SMR/SF/BDG/23/V/0484","APOTEK AZKA FARMA SEHAT"
"SJ/SMR/SF/BDG/23/V/0485","APOTEK GRACE"
"SJ/SMR/SF/BDG/23/V/0486","APOTEK MARIKUN FARMA"
"SJ/SMR/SF/BDG/23/V/0487","APOTEK LEMAH DUWUR"
"SJ/SMR/SF/BDG/23/V/0488","APOTEK RAFA REFA"
"SJ/SMR/SF/BDG/23/V/0489","APOTEK SUMBER SARI"
"SJ/SMR/SF/BDG/23/V/0490","APOTEK SUMBER SARI"
"SJ/SMR/SF/BDG/23/V/0491","APOTEK SUMBER SARI"
"SJ/SMR/SF/BDG/23/V/0492","APOTEK PERMATA HATI"
"SJ/SMR/SF/BDG/23/V/0493","APOTEK PERMATA HATI"
"SJ/SMR/SF/BDG/23/V/0494","APOTEK SUMBER SARI"
"SJ/SMR/SF/BDG/23/V/0495","APOTEK SUMBER SARI"
"SJ/SMR/SF/BDG/23/V/0496","TOKO LANGGAN MAJALAYA"
"SJ/SMR/SF/BDG/23/V/0497","APOTEK PINTU AER"
"SJ/SMR/SF/BDG/23/V/0498","APOTEK GRIYA FARMA 7"
"SJ/SMR/SF/BDG/23/V/0499","APOTEK SUMBER SARI"
"SJ/SMR/SF/BDG/23/V/0500","APOTEK SUMBER SARI"
"SJ/SMR/SF/BDG/23/V/0501","TOKO ALVIN"
"SJ/SMR/SF/BDG/23/V/0502","APOTEK SJ FARMA"
"SJ/SMR/SF/BDG/23/V/0503","APOTEK BETA MEDIK"
"SJ/SMR/SF/BDG/23/V/0504","APOTEK IMBI"
"SJ/SMR/SF/BDG/23/V/0505","APOTEK BODOGOL DUA"
"SJ/SMR/SF/BDG/23/V/0506","APOTEK GUMURUH"
"SJ/SMR/SF/BDG/23/V/0507","APOTEK KURNIA FARMA SEHAT DUA"
"SJ/SMR/SF/BDG/23/V/0508","TOKO EBZ"
"SJ/SMR/SF/BDG/23/V/0509","APOTEK ATING TORIK"
"SJ/SMR/SF/BDG/23/V/0510","APOTEK GERLONG GIRANG"
"SJ/SMR/SF/BDG/23/V/0511","APOTEK K24 TERUSAN KOPO"
"SJ/SMR/SF/BDG/23/V/0512","APOTEK SUMBER SARI"
"SJ/SMR/SF/BDG/23/V/0513","APOTEK SUMBER SARI"
"SJ/SMR/SF/BDG/23/V/0514","APOTEK SUMBER SARI"
"SJ/SMR/SF/BDG/23/V/0515","APOTEK AL - FATTAH 2"
"SJ/SMR/SF/BDG/23/V/0516","APOTEK YEMIMA BANDUNG KULON"
"SJ/SMR/SF/BDG/23/V/0517","APOTEK HIROSAH"
"SJ/SMR/SF/BDG/23/V/0518","APOTEK SUMBER SARI"
"SJ/SMR/SF/BDG/23/V/0519","APOTEK SUMBER SARI"
"SJ/SMR/SF/BDG/23/V/0520","APOTEK SUMBER SARI"
"SJ/SMR/SF/BDG/23/V/0521","APOTEK TRIANA FARMA"
"SJ/SMR/SF/BDG/23/V/0522","APOTEK SUMBER SARI"
"SJ/SMR/SF/BDG/23/V/0523","APOTEK SUMBER SARI"
"SJ/SMR/SF/BDG/23/V/0524","APOTEK PALTIGA"
"SJ/SMR/SF/BDG/23/V/0525","APOTEK ANTARA"
"SJ/SMR/SF/BDG/23/V/0526","APOTEK NALAWIJAYA FARMA"
"SJ/SMR/SF/BDG/23/V/0527","TOKO ANUGRAH KOSMETIK"
"SJ/SMR/SF/BDG/23/V/0528","APOTEK SUMBER SARI"
"SJ/SMR/SF/BDG/23/V/0529","APOTEK SUMBER SARI"
"SJ/SMR/SF/BDG/23/V/0530","APOTEK SUMBER SARI"
"SJ/SMR/SF/BDG/23/V/0531","APOTEK SINAR WALUYA"
"SJ/SMR/SF/BDG/23/V/0532","APOTEK MEKAR JAYA"
"SJ/SMR/SF/BDG/23/V/0533","APOTEK SUMBER SARI"
"SJ/SMR/SF/BDG/23/V/0534","APOTEK SUMBER SARI"
"SJ/SMR/SF/BDG/23/V/0536","APOTEK MU"
"SJ/SMR/SF/BDG/23/V/0537","APOTEK HEGAR"
"SJ/SMR/SF/BDG/23/V/0538","APOTEK GRAVITA FARMA"
"SJ/SMR/SF/BDG/23/V/0539","APOTEK YASIN"
"SJ/SMR/SF/BDG/23/V/0540","APOTEK PINUS"
"SJ/SMR/SF/BDG/23/V/0541","APOTEK SINARKA"
"SJ/SMR/SF/BDG/23/V/0542","APOTEK SUMBER SARI"
"SJ/SMR/SF/BDG/23/V/0543","APOTEK SUMBER SARI"
"SJ/SMR/SF/BDG/23/V/0544","APOTEK SUMBER SARI"
"SJ/SMR/SF/BDG/23/V/0545","APOTEK SUMBER SARI"
"SJ/SMR/SF/BDG/23/V/0546","APOTEK SUMBER SARI"
"SJ/SMR/SF/BDG/23/V/0547","APOTEK SHAFIYA ZAHRA"
"SJ/SMR/SF/BDG/23/V/0548","APOTEK SHANIA"
"SJ/SMR/SF/BDG/23/V/0549","APOTEK CAHAYA FARMA DAYEUHKOLOT"
"SJ/SMR/SF/BDG/23/V/0550","APOTEK SUMBER SARI"
"SJ/SMR/SF/BDG/23/V/0551","APOTEK SUMBER SARI"
"SJ/SMR/SF/BDG/23/V/0552","APOTEK SUMBER SARI"
"SJ/SMR/SF/BDG/23/V/0553","APOTEK SUMBER SARI"
"SJ/SMR/SF/BDG/23/V/0554","APOTEK WALAGRI"
"SJ/SMR/SF/BDG/23/V/0555","APOTEK FATIMAH FARMA"
"SJ/SMR/SF/BDG/23/V/0556","APOTEK K-24 BATUJAJAR"
"SJ/SMR/SF/BDG/23/V/0557","APOTEK SUMBER SARI"
"SJ/SMR/SF/BDG/23/V/0558","APOTEK SUMBER SARI"
"SJ/SMR/SF/BDG/23/V/0559","APOTEK SUMBER SARI"
"SJ/SMR/SF/BDG/23/V/0560","APOTEK SUMBER SARI"
"SJ/SMR/SF/BDG/23/VI/0561","APOTEK MULYADI FARMA"
"SJ/SMR/SF/BDG/23/VI/0562","APOTEK NURHIKMAH FARMA"
"SJ/SMR/SF/BDG/23/VI/0563","APOTEK SUMBER SARI"
"SJ/SMR/SF/BDG/23/VI/0564","APOTEK SUMBER SARI"
"SJ/SMR/SF/BDG/23/VI/0565","APOTEK SUMBER SARI"
"SJ/SMR/SF/BDG/23/VI/0566","APOTEK SUMBER SARI"
"SJ/SMR/SF/BDG/23/VI/0567","APOTEK SUMBER SARI"
"SJ/SMR/SF/BDG/23/VI/0568","APOTEK SUMBER SARI"
"SJ/SMR/SF/BDG/23/VI/0569","APOTEK HASANAH FARMA"
"SJ/SMR/SF/BDG/23/VI/0570","APOTEK RAFA REFA"
"SJ/SMR/SF/BDG/23/VI/0571","APOTEK RIUNG BANDUNG"
"SJ/SMR/SF/BDG/23/VI/0572","APOTEK SJ FARMA"
"SJ/SMR/SF/BDG/23/VI/0573","APOTEK K-24 GUNUNG BATU"
"SJ/SMR/SF/BDG/23/VI/0574","APOTEK SUMBER SARI"
"SJ/SMR/SF/BDG/23/VI/0575","APOTEK SUMBER SARI"
"SJ/SMR/SF/BDG/23/VI/0576","APOTEK BONA FARMA"
"SJ/SMR/SF/BDG/23/VI/0577","APOTEK SASAKBUBUR"
"SJ/SMR/SF/BDG/23/VI/0578","APOTEK BANGKIT FARMA"
"SJ/SMR/SF/BDG/23/VI/0579","APOTEK ANYAR FARMA"
"SJ/SMR/SF/BDG/23/VI/0580","APOTEK SUMBER SARI"
"SJ/SMR/SF/BDG/23/VI/0581","APOTEK SUMBER SARI"
"SJ/SMR/SF/BDG/23/VI/0582","APOTEK RIO MAJALAYA"
"SJ/SMR/SF/BDG/23/VI/0583","APOTEK SUKAGALIH"
"SJ/SMR/SF/BDG/23/VI/0584","APOTEK SUMBER SARI"
"SJ/SMR/SF/BDG/23/VI/0585","APOTEK SUMBER SARI"
"SJ/SMR/SF/BDG/23/VI/0586","APOTEK SUMBER SARI"
"SJ/SMR/SF/BDG/23/VI/0587","APOTEK UGIH"
"SJ/SMR/SF/BDG/23/VI/0588","APOTEK MEDIKA SEHAT"
"SJ/SMR/SF/BDG/23/VI/0589","TO. CIJERUK"
"SJ/SMR/SF/BDG/23/VI/0590","APOTEK SJ FARMA"
"SJ/SMR/SF/BDG/23/VI/0591","APOTEK SUMBER SARI"
"SJ/SMR/SF/BDG/23/VI/0593","APOTEK NR"
"SJ/SMR/SF/BDG/23/VI/0594","TO. DAN KOSMETIK SETUJU KIARACONDONG"
"SJ/SMR/SF/BDG/23/VI/0595","APOTEK HIROSAH"
"SJ/SMR/SF/BDG/23/VI/0600","APOTEK PINTU AER"
"SJ/SMR/SF/BDG/23/VI/0601","APOTEK SUMBER SARI"
"SJ/SMR/SF/BDG/23/VI/0602","APOTEK SUMBER SARI"
"SJ/SMR/SF/BDG/23/VI/0603","APOTEK SEHATI CIGUGUR"
"SJ/SMR/SF/BDG/23/VI/0604","APOTEK RAHMANI"
"SJ/SMR/SF/BDG/23/VI/0605","APOTEK DR"
"SJ/SMR/SF/BDG/23/VI/0606","APOTEK MIHARDJA FARMA"
"SJ/SMR/SF/BDG/23/VI/0607","APOTEK SUMBER SARI"
"SJ/SMR/SF/BDG/23/VI/0608","APOTEK SUMBER SARI"
"SJ/SMR/SF/BDG/23/VI/0609","APOTEK SUMBER SARI"
"SJ/SMR/SF/BDG/23/VI/0610","APOTEK JAYA WARINGKAS"
"SJ/SMR/SF/BDG/23/VI/0611","APOTEK BATUJAJAR"
"SJ/SMR/SF/BDG/23/VI/0612","APOTEK JEMBAR JAYA"
"SJ/SMR/SF/BDG/23/VI/0613","APOTEK AL SYIFA"
"SJ/SMR/SF/BDG/23/VI/0614","APOTEK FIRA FARMA"
"SJ/SMR/SF/BDG/23/VI/0615","APOTEK SUMBER SARI"
"SJ/SMR/SF/BDG/23/VI/0616","APOTEK SUMBER SARI"
"SJ/SMR/SF/BDG/23/VI/0617","APOTEK FAUZUL FARMA"
"SJ/SMR/SF/BDG/23/VI/0618","PT. SENFERA MAKMUR INDONESIA"
"SJ/SMR/SF/BDG/23/VI/0619","APOTEK RIDO FARMA TANJUNGLAYA"
"SJ/SMR/SF/BDG/23/VI/0620","TO. YOKO"
"SJ/SMR/SF/BDG/23/VI/0621","APOTEK PUTRA FARMA 2"
"SJ/SMR/SF/BDG/23/VI/0622","APOTEK LUMBUNG SEHAT"
"SJ/SMR/SF/BDG/23/VI/0623","APOTEK GRACIA FARMA"
"SJ/SMR/SF/BDG/23/VI/0624","APOTEK SUMBER SARI"
"SJ/SMR/SF/BDG/23/VI/0625","APOTEK SUMBER SARI"
"SJ/SMR/SF/BDG/23/VI/0626","APOTEK K-24 PADALARANG"
"SJ/SMR/SF/BDG/23/VI/0627","APOTEK FATIMAH FARMA"
"SJ/SMR/SF/BDG/23/VI/0628","APOTEK IMBI"
"SJ/SMR/SF/BDG/23/VI/0629","APOTEK HILDA"
"SJ/SMR/SF/BDG/23/VI/0630","TOKO SAKILLA 2"
"SJ/SMR/SF/BDG/23/VI/0631","APOTEK KAYANA"
"SJ/SMR/SF/BDG/23/VI/0632","TOKO LESTARI"
"SJ/SMR/SF/BDG/23/VI/0633","APOTEK SUMBER SARI"
"SJ/SMR/SF/BDG/23/VI/0634","APOTEK YEMIMA BANDUNG KULON"
"SJ/SMR/SF/BDG/23/VI/0635","APOTEK VITASARI"
"SJ/SMR/SF/BDG/23/VI/0636","APOTEK K-24 BATUJAJAR"
"SJ/SMR/SF/BDG/23/VI/0637","APOTEK RIDO FARMA TANJUNGLAYA"
"SJ/SMR/SF/BDG/23/VI/0638","APOTEK SUMBER SARI"
"SJ/SMR/SF/BDG/23/VI/0639","APOTEK BAIK FARMA"
"SJ/SMR/SF/BDG/23/VI/0640","APOTEK SHANIA"
"SJ/SMR/SF/BDG/23/VI/0641","APOTEK JAMIKA FARMA"
"SJ/SMR/SF/BDG/23/VI/0642","APOTEK AL - FATTAH 2"
"SJ/SMR/SF/BDG/23/VI/0643","APOTEK K-24 GUNUNG BATU"
"SJ/SMR/SF/BDG/23/VI/0644","APOTEK SUMBER SARI"
"SJ/SMR/SF/BDG/23/VI/0645","APOTEK BONA FARMA"
"SJ/SMR/SF/BDG/23/VI/0646","APOTEK ANUGERAH SOREANG"
"SJ/SMR/SF/BDG/23/VI/0647","TOKO GOLPITU"
"SJ/SMR/SF/BDG/23/VI/0648","APOTEK FITROH FARMA"
"SJ/SMR/SF/BDG/23/VI/0649","TO. FARMAZZAM"
"SJ/SMR/SF/BDG/23/VI/0650","APOTEK SALUYU FARMA"
"SJ/SMR/SF/BDG/23/VI/0651","APOTEK JATISARI"
"SJ/SMR/SF/BDG/23/VI/0652","APOTEK SUMBER SARI"
"SJ/SMR/SF/BDG/23/VI/0653","APOTEK SUMBER SARI"
"SJ/SMR/SF/BDG/23/VI/0654","APOTEK SUMBER SARI"
"SJ/SMR/SF/BDG/23/VI/0655","APOTEK BERKAH FARMA"
"SJ/SMR/SF/BDG/23/VI/0656","APOTEK SOREANG"
"SJ/SMR/SF/BDG/23/VI/0657","TOKO NUR"
"SJ/SMR/SF/BDG/23/VI/0658","TOKO SAE"
"SJ/SMR/SF/BDG/23/VI/0659","APOTEK JASA KURNIA"
"SJ/SMR/SF/BDG/23/VI/0660","APOTEK SALUYU FARMA"
"SJ/SMR/SF/BDG/23/VI/0661","TOKO ASSA JAYA"
"SJ/SMR/SF/BDG/23/VI/0662","APOTEK SUMBER SARI"
"SJ/SMR/SF/BDG/23/VI/0663","APOTEK SUMBER SARI"
"SJ/SMR/SF/BDG/23/VI/0664","APOTEK SUMBER SARI"
"SJ/SMR/SF/BDG/23/VI/0665","APOTEK DIORA MEDIKA"
"SJ/SMR/SF/BDG/23/VI/0666","TOKO RINI"
"SJ/SMR/SF/BDG/23/VI/0667","TO. ABADI RANCAEKEK"
"SJ/SMR/SF/BDG/23/VI/0668","APOTEK SUMBER SARI"
"SJ/SMR/SF/BDG/23/VI/0669","APOTEK SUMBER SARI"
"SJ/SMR/SF/BDG/23/VI/0670","APOTEK SUMBER SARI"
"SJ/SMR/SF/BDG/23/VI/0671","APOTEK RAFA REFA"
"SJ/SMR/SF/BDG/23/VI/0672","APOTEK BAROKAH LASWI"
"SJ/SMR/SF/BDG/23/VI/0673","APOTEK MEKAR JAYA"
"SJ/SMR/SF/BDG/23/VI/0674","APOTEK SJ FARMA"
"SJ/SMR/SF/BDG/23/VI/0675","APOTEK SUMBER SARI"
"SJ/SMR/SF/BDG/23/VI/0676","APOTEK SUMBER SARI"
"SJ/SMR/SF/BDG/23/VI/0677","APOTEK SUMBER SARI"
"SJ/SMR/SF/BDG/23/VI/0678","TO. JAYA ABADI"
"SJ/SMR/SF/BDG/23/VI/0679","APOTEK RIUNG BANDUNG"
"SJ/SMR/SF/BDG/23/VI/0680","APOTEK YASIN"
"SJ/SMR/SF/BDG/23/VI/0681","APOTEK GRAVITA FARMA"
"SJ/SMR/SF/BDG/23/VI/0682","APOTEK MANISI"
"SJ/SMR/SF/BDG/23/VI/0683","APOTEK SAHABAT KOPO"
"SJ/SMR/SF/BDG/23/VI/0684","APOTEK BALADEWA 2"
"SJ/SMR/SF/BDG/23/VI/0685","APOTEK CEMARA PANGHEGAR"
"SJ/SMR/SF/BDG/23/VI/0686","APOTEK SUMBER SARI"
"SJ/SMR/SF/BDG/23/VI/0687","APOTEK BERKAT KOLONEL MASTURI"
"SJ/SMR/SF/BDG/23/VI/0688","APOTEK SWADAYA SEHAT"
"SJ/SMR/SF/BDG/23/VI/0689","APOTEK CAHAYA FARMA DAYEUHKOLOT"
"SJ/SMR/SF/BDG/23/VI/0690","APOTEK SUMBER SARI"
"SJ/SMR/SF/BDG/23/VI/0691","APOTEK IMBI"
"SJ/SMR/SF/BDG/23/VI/0692","APOTEK K-24 PADALARANG"
"SJ/SMR/SF/BDG/23/VI/0693","APOTEK MIHARDJA FARMA"
"SJ/SMR/SF/BDG/23/VI/0694","APOTEK SUMBER SARI"
"SJ/SMR/SF/BDG/23/VI/0695","APOTEK SUMBER SARI"
"SJ/SMR/SF/BDG/23/VI/0696","APOTEK SUMBER SARI"
"SJ/SMR/SF/BDG/23/VI/0697","APOTEK PALTIGA"
"SJ/SMR/SF/BDG/23/VI/0698","APOTEK SUMBER SARI"
"SJ/SMR/SF/BDG/23/VI/0699","APOTEK SUMBER SARI"
"SJ/SMR/SF/BDG/23/VII/0474","APOTEK IKHLAS"
"SJ/SMR/SF/BDG/23/VII/0490","APOTEK K24 CIPORANG"
"SJ/SMR/SF/BDG/23/VII/0491","APOTEK AIMAR"
"SJ/SMR/SF/BDG/23/VII/0492","APOTEK SHELLA FARMA"
"SJ/SMR/SF/BDG/23/VII/0700","APOTEK UGIH"
"SJ/SMR/SF/BDG/23/VII/0701","APOTEK MAY PHARMA"
"SJ/SMR/SF/BDG/23/VII/0702","APOTEK BERKAT KOLONEL MASTURI"
"SJ/SMR/SF/BDG/23/VII/0703","TOKO SRC IDA"
"SJ/SMR/SF/BDG/23/VII/0704","APOTEK SUMBER SARI"
"SJ/SMR/SF/BDG/23/VII/0705","APOTEK ZAHRA FARMA"
"SJ/SMR/SF/BDG/23/VII/0706","APOTEK K-24 GUNUNG BATU"
"SJ/SMR/SF/BDG/23/VII/0707","APOTEK HIROSAH"
"SJ/SMR/SF/BDG/23/VII/0708","TOKO EBZ"
"SJ/SMR/SF/BDG/23/VII/0709","APOTEK SUMBER SARI"
"SJ/SMR/SF/BDG/23/VII/0710","APOTEK SJ FARMA"
"SJ/SMR/SF/BDG/23/VII/0711","APOTEK SOREANG"
"SJ/SMR/SF/BDG/23/VII/0712","APOTEK ATING TORIK"
"SJ/SMR/SF/BDG/23/VII/0713","APOTEK SUMBER SARI"
"SJ/SMR/SF/BDG/23/VII/0714","APOTEK SEKELOA"
"SJ/SMR/SF/BDG/23/VII/0715","APOTEK SUMBER SARI"
"SJ/SMR/SF/BDG/23/VII/0716","APOTEK SHANIA"
"SJ/SMR/SF/BDG/23/VII/0717","APOTEK NURHIKMAH FARMA"
"SJ/SMR/SF/BDG/23/VII/0718","APOTEK SUMBER SARI"
"SJ/SMR/SF/BDG/23/VII/0719","TOKO ALVIN"
"SJ/SMR/SF/BDG/23/VII/0720","TOKO WARUNG SEMBAKO"
"SJ/SMR/SF/BDG/23/VII/0721","APOTEK SUMBER SARI"
"SJ/SMR/SF/BDG/23/VII/0722","TO. ABADI RANCAEKEK"
"SJ/SMR/SF/BDG/23/VII/0723","APOTEK YASIN"
"SJ/SMR/SF/BDG/23/VII/0724","APOTEK GRACIA FARMA"
"SJ/SMR/SF/BDG/23/VII/0725","APOTEK FATIMAH FARMA"
"SJ/SMR/SF/BDG/23/VII/0726","APOTEK ABADI"
"SJ/SMR/SF/BDG/23/VII/0727","APOTEK SUMBER SARI"
"SJ/SMR/SF/BDG/23/VII/0728","APOTEK GALAXY"
"SJ/SMR/SF/BDG/23/VII/0729","APOTEK HERLINA 2"
"SJ/SMR/SF/BDG/23/VII/0730","APOTEK BATUJAJAR"
"SJ/SMR/SF/BDG/23/VII/0731","APOTEK ESA FARMA"
"SJ/SMR/SF/BDG/23/VII/0732","APOTEK SUMBER SARI"
"SJ/SMR/SF/BDG/23/VII/0733","APOTEK SUMBER SARI"
"SJ/SMR/SF/BDG/23/VII/0734","APOTEK SEHAT SELALU"
"SJ/SMR/SF/BDG/23/VII/0735","APOTEK K24 TERUSAN KOPO"
"SJ/SMR/SF/BDG/23/VII/0736","APOTEK SUMBER SARI"
"SJ/SMR/SF/BDG/23/VII/0737","TO. YOKO"
"SJ/SMR/SF/BDG/23/VII/0738","APOTEK K-24 BATUJAJAR"
"SJ/SMR/SF/BDG/23/VII/0739","APOTEK VITASARI"
"SJ/SMR/SF/BDG/23/VII/0740","TOKO DEWI"
"SJ/SMR/SF/BDG/23/VII/0741","APOTEK SUMBER SARI"
"SJ/SMR/SF/BDG/23/VII/0742","APOTEK SUMBER SARI"
"SJ/SMR/SF/BDG/23/VII/0743","APOTEK RAFA REFA"
"SJ/SMR/SF/BDG/23/VII/0744","APOTEK UGIH"
"SJ/SMR/SF/BDG/23/VII/0745","APOTEK GRAVITA FARMA"
"SJ/SMR/SF/BDG/23/VII/0746","APOTEK SUMBER SARI"
"SJ/SMR/SF/BDG/23/VII/0747","APOTEK SUMBER SARI"
"SJ/SMR/SF/BDG/23/VII/0748","APOTEK SALUYU FARMA"
"SJ/SMR/SF/BDG/23/VII/0749","APOTEK CAGEUR BAGEUR"
"SJ/SMR/SF/BDG/23/VII/0750","APOTEK SUMBER SARI"
"Sj/SMR/SF/BDG/23/VII/0751","APOTEK SWADAYA SEHAT"
"Sj/SMR/SF/BDG/23/VII/0752","APOTEK ANUGERAH SOREANG"
"Sj/SMR/SF/BDG/23/VII/0753","APOTEK BATU PERMATA"
"Sj/SMR/SF/BDG/23/VII/0754","APOTEK SUMBER SARI"
"Sj/SMR/SF/BDG/23/VII/0755","APOTEK SUMBER JAYA FARMA"
"SJ/SMR/SF/BDG/23/VII/0756","APOTEK DEKADE HARSA"
"SJ/SMR/SF/BDG/23/VII/0757","APOTEK DIORA MEDIKA"
"SJ/SMR/SF/BDG/23/VII/0758","APOTEK KS FARMA"
"SJ/SMR/SF/BDG/23/VII/0759","APOTEK SHAFIYA ZAHRA"
"SJ/SMR/SF/BDG/23/VII/0760","APOTEK SUMBER SARI"
"SJ/SMR/SF/BDG/23/VII/0761","APOTEK SHANIA"
"SJ/SMR/SF/BDG/23/VII/0762","APOTEK SINAR GALIH"
"SJ/SMR/SF/BDG/23/VII/0763","TOKO AGUNG"
"SJ/SMR/SF/BDG/23/VII/0764","APOTEK CIKONENG"
"SJ/SMR/SF/BDG/23/VII/0765","TOKO EBZ"
"SJ/SMR/SF/BDG/23/VII/0766","TOKO BU BETI"
"SJ/SMR/SF/BDG/23/VII/0767","TOKO BARU"
"SJ/SMR/SF/BDG/23/VII/0768","APOTEK UGIH"
"SJ/SMR/SF/BDG/23/VII/0769","TOKO MEDIKA"
"SJ/SMR/SF/BDG/23/VII/0770","APOTEK SUMBER SARI"
"SJ/SMR/SF/BDG/23/VII/0771","APOTEK ANTARA"
"SJ/SMR/SF/BDG/23/VII/0772","APOTEK KURNIA FARMA SEHAT JAMIKA"
"SJ/SMR/SF/BDG/23/VII/0773","APOTEK BALADEWA 2"
"SJ/SMR/SF/BDG/23/VII/0774","APOTEK FIRA FARMA"
"SJ/SMR/SF/BDG/23/VII/0775","APOTEK PUTRA FARMA 2"
"SJ/SMR/SF/BDG/23/VII/0776","APOTEK SUMBER SARI"
"SJ/SMR/SF/BDG/23/VII/0777","TOKO DINI KOSMETIK"
"SJ/SMR/SF/BDG/23/VII/0778","TOKO JAYA SENTOSA"
"SJ/SMR/SF/BDG/23/VII/0779","APOTEK RAFA REFA"
"SJ/SMR/SF/BDG/23/VII/0780","APOTEK KURNIA FARMA SEHAT JAMIKA"
"SJ/SMR/SF/BDG/23/VII/0781","APOTEK SUMBER SARI"
"SJ/SMR/SF/BDG/23/VII/0782","TOKO GOLPITU"
"SJ/SMR/SF/BDG/23/VII/0783","APOTEK ELFA FARMA"
"SJ/SMR/SF/BDG/23/VII/0784","APOTEK MANISI"
"SJ/SMR/SF/BDG/23/VII/0785","APOTEK K-24 BATUJAJAR"
"SJ/SMR/SF/BDG/23/VII/0786","APOTEK SUMBER SARI"
"SJ/SMR/SF/BDG/23/VII/0787","APOTEK SUMBER SARI"
"SJ/SMR/SF/BDG/23/VII/0788","TOKO SAKILLA 2"
"SJ/SMR/SF/BDG/23/VII/0789","APOTEK RIDO FARMA TANJUNGLAYA"
"SJ/SMR/SF/BDG/23/VII/0790","APOTEK SUMBER SARI"
"SJ/SMR/SF/BDG/23/VII/0791","APOTEK SJ FARMA"
"SJ/SMR/SF/BDG/23/VII/0792","APOTEK BUMI ASRI"
"SJ/SMR/SF/BDG/23/VII/0793","APOTEK SUMBER SARI"
"SJ/SMR/SF/BDG/23/VII/0794","APOTEK SOBAT"
"SJ/SMR/SF/BDG/23/VII/0795","TOKO ASRYI"
"SJ/SMR/SF/BDG/23/VII/0796","APOTEK SUMBER SARI"
"SJ/SMR/SF/BDG/23/VIII/0796","APOTEK SUMBER SARI"
"SJ/SMR/SF/BDG/23/VIII/0797","APOTEK GRIYA FARMA 7"
"SJ/SMR/SF/BDG/23/VIII/0798","APOTEK GRIYA FARMA 7"
"SJ/SMR/SF/BDG/23/VIII/0799","APOTEK YASIN"
"SJ/SMR/SF/BDG/23/VIII/0800","APOTEK GUNA VITA"
"SJ/SMR/SF/BDG/23/VIII/0801","APOTEK GRAVITA FARMA"
"SJ/SMR/SF/BDG/23/VIII/0802","APOTEK ORION GALANGGANG"
"SJ/SMR/SF/BDG/23/VIII/0803","APOTEK SUMBER SARI"
"SJ/SMR/SF/BDG/23/VIII/0804","APOTEK MALABAR"
"SJ/SMR/SF/BDG/23/VIII/0805","TOKO SRC IDA"
"SJ/SMR/SF/BDG/23/VIII/0808","APOTEK MIHARDJA FARMA"
"SJ/SMR/SF/BDG/23/VIII/0809","APOTEK SHANIA"
"SJ/SMR/SF/BDG/23/VIII/0810","APOTEK BISMA"
"SJ/SMR/SF/BDG/23/VIII/0811","APOTEK HERLINA 2"
"SJ/SMR/SF/BDG/23/VIII/0812","APOTEK FATIMAH FARMA"
"SJ/SMR/SF/BDG/23/VIII/0813","APOTEK SUMBER SARI"
"SJ/SMR/SF/BDG/23/VIII/0814","APOTEK VITASARI"
"SJ/SMR/SF/BDG/23/VIII/0815","APOTEK ALMA FELIZ"
"SJ/SMR/SF/BDG/23/VIII/0816","TO. 21"
"SJ/SMR/SF/BDG/23/VIII/0817","APOTEK SUKAGALIH"
"SJ/SMR/SF/BDG/23/VIII/0818","TOKO ALVIN"
"SJ/SMR/SF/BDG/23/VIII/0819","TO. DAN KOSMETIK ALIT"
"SJ/SMR/SF/BDG/23/VIII/0820","APOTEK SUMBER SARI"
"SJ/SMR/SF/BDG/23/VIII/0821","APOTEK SUMBER SARI"
"SJ/SMR/SF/BDG/23/VIII/0822","APOTEK SUMBER SARI"
"SJ/SMR/SF/BDG/23/VIII/0823","APOTEK MEKAR JAYA"
"SJ/SMR/SF/BDG/23/VIII/0824","APOTEK SASAKBUBUR"
"SJ/SMR/SF/BDG/23/VIII/0825","APOTEK SINARKA"
"SJ/SMR/SF/BDG/23/VIII/0826","TOKO SEBLAK"
"SJ/SMR/SF/BDG/23/VIII/0827","APOTEK SUMBER SARI"
"SJ/SMR/SF/BDG/23/VIII/0828","APOTEK SHANIA"
"SJ/SMR/SF/BDG/23/VIII/0829","APOTEK MEGA RAYA"
"SJ/SMR/SF/BDG/23/VIII/0831","APOTEK K-24 PADALARANG"
"SJ/SMR/SF/BDG/23/VIII/0832","APOTEK GRACIA FARMA"
"SJ/SMR/SF/BDG/23/VIII/0833","APOTEK GUMURUH"
"SJ/SMR/SF/BDG/23/VIII/0834","APOTEK MU"
"SJ/SMR/SF/BDG/23/VIII/0835","APOTEK AL - FATTAH 2"
"SJ/SMR/SF/BDG/23/VIII/0836","APOTEK FATIMAH FARMA"
"SJ/SMR/SF/BDG/23/VIII/0837","APOTEK FARMA ONE"
"SJ/SMR/SF/BDG/23/VIII/0838","APOTEK RAFA REFA"
"SJ/SMR/SF/BDG/23/VIII/0839","APOTEK BAROKAH LASWI"
"SJ/SMR/SF/BDG/23/VIII/0840","TOKO KUDO PATINNASARANY"
"SJ/SMR/SF/BDG/23/VIII/0841","APOTEK YEMIMA BANDUNG KULON"
"SJ/SMR/SF/BDG/23/VIII/0842","APOTEK SUMBER SARI"
"SJ/SMR/SF/BDG/23/VIII/0843","APOTEK PINTU AER"
"SJ/SMR/SF/BDG/23/VIII/0844","TOKO BOBY"
"SJ/SMR/SF/BDG/23/VIII/0845","APOTEK KURNIA FARMA SEHAT"
"SJ/SMR/SF/BDG/23/VIII/0846","APOTEK SUMBER SARI"
"SJ/SMR/SF/BDG/23/VIII/0847","APOTEK RAHMANI"
"SJ/SMR/SF/BDG/23/VIII/0848","APOTEK JAMIKA FARMA"
"SJ/SMR/SF/BDG/23/VIII/0849","APOTEK BERKAH FARMA"
"SJ/SMR/SF/BDG/23/VIII/0850","APOTEK IKHWAN SOREANG"
"SJ/SMR/SF/BDG/23/VIII/0851","APOTEK SUMBER SARI"
"SJ/SMR/SF/BDG/23/VIII/0852","APOTEK JASA KURNIA"
"SJ/SMR/SF/BDG/23/VIII/0853","APOTEK SJ FARMA"
"SJ/SMR/SF/BDG/23/VIII/0854","APOTEK K-24 BATUJAJAR"
"SJ/SMR/SF/BDG/23/VIII/0855","APOTEK SUMBER SARI"
"SJ/SMR/SF/BDG/23/VIII/0856","TOKO H. HARUN"
"SJ/SMR/SF/BDG/23/VIII/0857","TOKO TEGUH"
"SJ/SMR/SF/BDG/23/VIII/0858","APOTEK SUMBER SARI"
"SJ/SMR/SF/BDG/23/VIII/0859","APOTEK BAIK FARMA"
"SJ/SMR/SF/BDG/23/VIII/0860","TOKO MEDIKA"
"SJ/SMR/SF/BDG/23/VIII/0862","APOTEK SUMBER SARI"
"SJ/SMR/SF/BDG/23/VIII/0863","APOTEK SUMBER SARI"
"SJ/SMR/SF/BDG/23/VIII/0864","APOTEK JATISARI"
"SJ/SMR/SF/BDG/23/VIII/0865","APOTEK SOREANG"
"SJ/SMR/SF/BDG/23/VIII/0866","APOTEK SUMBER JAYA FARMA"
"SJ/SMR/SF/BDG/23/VIII/0867","APOTEK ATING TORIK"
"SJ/SMR/SF/BDG/23/VIII/0868","APOTEK IMBI"
"SJ/SMR/SF/BDG/23/VIII/0869","APOTEK PAKUAN"
"SJ/SMR/SF/BDG/23/VIII/0870","APOTEK SUMBER SARI"
"SJ/SMR/SF/BDG/23/VIII/0871","APOTEK SUMBER SARI"
"SJ/SMR/SF/BDG/23/VIII/0872","APOTEK ORION GALANGGANG"
"SJ/SMR/SF/BDG/23/VIII/0873","APOTEK UGIH"
"SJ/SMR/SF/BDG/23/VIII/0874","APOTEK SUMBER SARI"
"SJ/SMR/SF/BDG/23/VIII/0875","APOTEK SUMBER SARI"
"SJ/SMR/SF/BDG/23/VIII/0876","APOTEK IBNU SAAD"
"SJ/SMR/SF/BDG/23/VIII/0877","APOTEK SUMBER SARI"
"SJ/SMR/SF/BDG/23/VIII/0878","APOTEK RIUNG BANDUNG"
"SJ/SMR/SF/BDG/23/VIII/0879","APOTEK CIKONENG"
"SJ/SMR/SF/BDG/23/VIII/0880","APOTEK SALUYU SEHAT"
"SJ/SMR/SF/BDG/23/VIII/0881","APOTEK RIO MAJALAYA"
"SJ/SMR/SF/BDG/23/VIII/0882","APOTEK FITRI FARMA"
"SJ/SMR/SF/BDG/23/VIII/0883","APOTEK SUMBER SARI"
"SJ/SMR/SF/BDG/23/VIII/0884","TOKO LANGGAN MAJALAYA"
"SJ/SMR/SF/BDG/23/VIII/0885","APOTEK RAFA REFA"
"SJ/SMR/SF/BDG/23/VIII/0886","APOTEK YASIN"
"SJ/SMR/SF/BDG/23/VIII/0887","APOTEK RAFA REFA"
"SJ/SMR/SF/BDG/23/VIII/0888","APOTEK GUNA VITA"
"SJ/SMR/SF/BDG/23/VIII/0889","APOTEK RAFA REFA"
"SJ/SMR/SF/BDG/23/VIII/0890","APOTEK SUMBER SARI"
"SJ/SMR/SF/BDG/23/VIII/0891","APOTEK SUMBER SARI"
"SJ/SMR/SF/BDG/23/VIII/0892","APOTEK CAHAYA FARMA DAYEUHKOLOT"
"SJ/SMR/SF/BDG/23/VIII/0893","APOTEK SINAR GALIH"
"SJ/SMR/SF/BDG/23/VIII/0894","APOTEK GALAXY"
"SJ/SMR/SF/BDG/23/VIII/0895","APOTEK SUMBER SARI"
"SJ/SMR/SF/BDG/23/VIII/0896","APOTEK SUMBER SARI"
"SJ/SMR/SF/BDG/23/VIII/0897","TOKO ASYRI"
"SJ/SMR/SF/BDG/23/VIII/0898","TOKO SAKILLA 2"
"SJ/SMR/SF/BDG/23/VIII/0899","APOTEK UGIH"
"SJ/SMR/SF/BDG/23/VIII/0900","APOTEK HIROSAH"
"SJ/SMR/SF/BDG/23/VIII/0901","APOTEK GRAVITA FARMA"
"SJ/SMR/SF/BDG/23/VIII/0902","APOTEK KURNIA JAYA KOPO"
"SJ/SMR/SF/BDG/23/VIII/0903","APOTEK K24 TERUSAN KOPO"
"SJ/SMR/SF/BDG/23/VIII/0904","APOTEK LEUWI PANJANG"
"SJ/SMR/SF/BDG/23/VIII/0905","APOTEK SUMBER SARI"
"SJ/SMR/SF/BDG/23/VIII/0906","APOTEK MASHYRA MEDIKA"
"SJ/SMR/SF/BDG/23/VIII/0907","APOTEK CIKONENG"
"SJ/SMR/SF/BDG/23/VIII/0908","APOTEK PALTIGA"
"SJ/SMR/SF/BDG/23/VIII/0909","TOKO DE FADHA BAROKAH"
"SJ/SMR/SF/BDG/23/VIII/0910","APOTEK SUMBER SARI"
"SJ/SMR/SF/BDG/23/VIII/0911","APOTEK K-24 PADALARANG"
"SJ/SMR/SF/BDG/23/VIII/0912","APOTEK NASYA"
"SJ/SMR/SF/BDG/23/VIII/0913","APOTEK DR"
"SJ/SMR/SF/BDG/23/VIII/0914","TO. YOKO"
"SJ/SMR/SF/BDG/23/VIII/0915","APOTEK SUMBER SARI"
"SJ/SMR/SF/BDG/23/VIII/0916","APOTEK SUMBER SARI"
"SJ/SMR/SF/BDG/23/VIII/0917","APOTEK CIKONENG"
"SJ/SMR/SF/BDG/23/VIII/0918","APOTEK MIHARDJA FARMA"
"SJ/SMR/SF/BDG/23/VIII/0919","APOTEK ALMA FELIZ"
"SJ/SMR/SF/BDG/23/VIII/0920","APOTEK SUMBER SARI"
"SJ/SMR/SF/BDG/23/VIII/0921","APOTEK HILDA"
"SJ/SMR/SF/BDG/23/VIII/0922","APOTEK PINUS"
"SJ/SMR/SF/BDG/23/VIII/0923","APOTEK ELFA FARMA"
"SJ/SMR/SF/BDG/23/VIII/0924","TOKO ABANG"
"SJ/SMR/SF/BDG/23/VIII/0925","APOTEK SEHAT FARMA BATUJAJAR"
"SJ/SMR/SF/BDG/23/VIII/0926","APOTEK SUMBER SARI"
"SJ/SMR/SF/BDG/23/VIII/0927","APOTEK MULYADI FARMA"
"SJ/SMR/SF/BDG/23/VIII/0928","APOTEK K-24 BATUJAJAR"
"SJ/SMR/SF/BDG/23/X/1047","APOTEK RAFA REFA"
"SJ/SMR/SF/BDG/23/X/1048","TO. PUYUH"
"SJ/SMR/SF/CRB/22/XII/380","APOTEK DIAN FARMA SETU KULON"
"SJ/SMR/SF/CRB/23/I/0001","TO. KIANDRA"
"SJ/SMR/SF/CRB/23/I/0007","APOTEK TRUSSEHAT"
"SJ/SMR/SF/CRB/23/I/0008","APOTEK RESTU KISABALANANG"
"SJ/SMR/SF/CRB/23/I/0009","APOTEK ASSYIFA SADAMANTRA"
"SJ/SMR/SF/CRB/23/I/0010","APOTEK ASSIFA"
"SJ/SMR/SF/CRB/23/I/0011","APOTEK KITA 88"
"SJ/SMR/SF/CRB/23/I/0012","APOTEK AYUNDA"
"SJ/SMR/SF/CRB/23/I/0013","APOTEK MULYA FARMA CIREMAI"
"SJ/SMR/SF/CRB/23/I/0014","APOTEK HOKI"
"SJ/SMR/SF/CRB/23/I/0015","APOTEK DAWUAN FARMA"
"SJ/SMR/SF/CRB/23/I/0016","APOTEK SUMBER SEHAT 3"
"SJ/SMR/SF/CRB/23/I/0017","APOTEK SEJAHTERA FARMA 2"
"SJ/SMR/SF/CRB/23/I/0018","APOTEK GRAMESIA"
"SJ/SMR/SF/CRB/23/I/0019","APOTEK AMAR"
"SJ/SMR/SF/CRB/23/I/0020","APOTEK MURNI MEDIKA"
"SJ/SMR/SF/CRB/23/I/0021","APOTEK CEMPAKA"
"SJ/SMR/SF/CRB/23/I/0022","APOTEK AIMAR"
"SJ/SMR/SF/CRB/23/I/0023","APOTEK LANA FARMA"
"SJ/SMR/SF/CRB/23/I/0024","APOTEK AROFAT GSI"
"SJ/SMR/SF/CRB/23/I/0025","PT. Aman Farmasindo Abadi"
"SJ/SMR/SF/CRB/23/I/0026","APOTEK INDO FARMA"
"SJ/SMR/SF/CRB/23/I/0027","APOTEK INDO FARMA"
"SJ/SMR/SF/CRB/23/I/0028","APOTEK RAHAYU BEBER"
"SJ/SMR/SF/CRB/23/I/0029","APOTEK AIMAR"
"SJ/SMR/SF/CRB/23/I/0030","APOTEK FARMA KEDAWUNG"
"SJ/SMR/SF/CRB/23/I/0031","APOTEK LANA FARMA"
"SJ/SMR/SF/CRB/23/I/0032","APOTEK DEWI FARMA"
"SJ/SMR/SF/CRB/23/I/0033","APOTEK AZWA FARMA"
"SJ/SMR/SF/CRB/23/I/0034","APOTEK SALSABILAH"
"SJ/SMR/SF/CRB/23/I/0035","APOTEK AL- ABROR"
"SJ/SMR/SF/CRB/23/I/0036","APOTEK NABILA PASAR MINGGU"
"SJ/SMR/SF/CRB/23/I/0037","APOTEK AFIYAA"
"SJ/SMR/SF/CRB/23/I/0038","APOTEK DINAR FARMA"
"SJ/SMR/SF/CRB/23/I/0039","APOTEK DINAR FARMA"
"SJ/SMR/SF/CRB/23/I/0040","APOTEK MEKARWANGI"
"SJ/SMR/SF/CRB/23/I/0041","APOTEK K24 JUANDA"
"SJ/SMR/SF/CRB/23/I/0042","APOTEK TERBIT MUTIARA FARMA"
"SJ/SMR/SF/CRB/23/I/0043","APOTEK BINTANG FARMA"
"SJ/SMR/SF/CRB/23/I/0044","APOTEK KAROYA"
"SJ/SMR/SF/CRB/23/I/0045","APOTEK K24 CIPORANG"
"SJ/SMR/SF/CRB/23/I/0046","APOTEK KITA FARMA"
"SJ/SMR/SF/CRB/23/I/0047","APOTEK PERJUANGAN"
"SJ/SMR/SF/CRB/23/I/0049","APOTEK JASA PRIMA SEHAT"
"SJ/SMR/SF/CRB/23/I/0050","APOTEK PILANG"
"SJ/SMR/SF/CRB/23/I/0051","APOTEK SEHAT SENTOSA"
"SJ/SMR/SF/CRB/23/I/0052","APOTEK ENGGAL SEHAT"
"SJ/SMR/SF/CRB/23/I/0053","APOTEK AIMAR"
"SJ/SMR/SF/CRB/23/I/0054","APOTEK INTI SEHAT CIREBON"
"SJ/SMR/SF/CRB/23/I/0055","APOTEK ZIDNI FARMA"
"SJ/SMR/SF/CRB/23/I/0056","APOTEK DELIMA"
"SJ/SMR/SF/CRB/23/I/0057","APOTEK INSAN FARMA SITOMPENG"
"SJ/SMR/SF/CRB/23/I/0058","APOTEK SKETSA FARMA"
"SJ/SMR/SF/CRB/23/I/0059","APOTEK VISA MEDIKA"
"SJ/SMR/SF/CRB/23/I/0060","APOTEK PRATAMA KESAMBI"
"SJ/SMR/SF/CRB/23/I/0061","APOTEK MIRAH FARMA"
"SJ/SMR/SF/CRB/23/I/0062","APOTEK BABAKAN"
"SJ/SMR/SF/CRB/23/I/0063","APOTEK JATI FARMA GUNUNG JATI"
"SJ/SMR/SF/CRB/23/I/0064","APOTEK FIDHA FARMA"
"SJ/SMR/SF/CRB/23/I/0065","APOTEK TITIN FARMA"
"SJ/SMR/SF/CRB/23/I/0066","APOTEK ALWAN FARMA"
"SJ/SMR/SF/CRB/23/I/0067","APOTEK FAUNILAH"
"SJ/SMR/SF/CRB/23/I/0068","APOTEK ATTIB MEDIKA"
"SJ/SMR/SF/CRB/23/I/0069","APOTEK ALULA FARMA"
"SJ/SMR/SF/CRB/23/I/0070","APOTEK PHARMASIA GESIK"
"SJ/SMR/SF/CRB/23/I/0071","APOTEK ARWA FARMA"
"SJ/SMR/SF/CRB/23/I/0072","APOTEK HAFIDZ FARMA"
"SJ/SMR/SF/CRB/23/I/0073","APOTEK ASSYFA SILIH ASIH"
"SJ/SMR/SF/CRB/23/I/0074","APOTEK NABILA PASAR MINGGU"
"SJ/SMR/SF/CRB/23/I/0075","APOTEK UNI FARMA"
"SJ/SMR/SF/CRB/23/I/0076","APOTEK AIMAR"
"SJ/SMR/SF/CRB/23/I/0077","APOTEK MAJASEM 12"
"SJ/SMR/SF/CRB/23/I/0078","APOTEK BERKAH FARMA"
"SJ/SMR/SF/CRB/23/I/0079","APOTEK YAVITA FARMA"
"SJ/SMR/SF/CRB/23/I/0080","APOTEK ASSIFA"
"SJ/SMR/SF/CRB/23/I/0081","APOTEK CIKULAK"
"SJ/SMR/SF/CRB/23/I/0082","APOTEK PHARMASIA CIREA"
"SJ/SMR/SF/CRB/23/I/0083","APOTEK C95"
"SJ/SMR/SF/CRB/23/I/0084","TOKO HJ OZAH"
"SJ/SMR/SF/CRB/23/I/0085","APOTEK AZZAM FARMA"
"SJ/SMR/SF/CRB/23/I/0086","APOTEK MULIA FARMA KARANGWANGI"
"SJ/SMR/SF/CRB/23/I/0087","APOTEK HOKY SEHAT"
"SJ/SMR/SF/CRB/23/I/0088","APOTEK AIMAR"
"SJ/SMR/SF/CRB/23/I/0089","APOTEK AKBAR FARMA"
"SJ/SMR/SF/CRB/23/I/0090","APOTEK ILHAM FARMA"
"SJ/SMR/SF/CRB/23/I/0091","APOTEK BERKAH FARMA"
"SJ/SMR/SF/CRB/23/I/0092","APOTEK CENGAL"
"SJ/SMR/SF/CRB/23/I/0093","APOTEK ANNISA FARMA CIAWIGEBANG"
"SJ/SMR/SF/CRB/23/I/0094","APOTEK ERDZA FARMA"
"SJ/SMR/SF/CRB/23/I/0095","APOTEK NABILA PASAR MINGGU"
"SJ/SMR/SF/CRB/23/I/0096","APOTEK K24 KALITANJUNG"
"SJ/SMR/SF/CRB/23/I/0097","APOTEK INTI SEHAT CIREBON"
"SJ/SMR/SF/CRB/23/I/0098","APOTEK KHANZA"
"SJ/SMR/SF/CRB/23/I/0099","APOTEK SALFATHAN"
"SJ/SMR/SF/CRB/23/I/0100","APOTEK AIMAR"
"SJ/SMR/SF/CRB/23/I/0101","APOTEK AFISHA FARMA"
"SJ/SMR/SF/CRB/23/I/0102","APOTEK ANGGUN FARMA"
"SJ/SMR/SF/CRB/23/I/0103","APOTEK BILLI FARMA"
"SJ/SMR/SF/CRB/23/II/0104","APOTEK KESUNEAN"
"SJ/SMR/SF/CRB/23/II/0105","APOTEK KITA 88"
"SJ/SMR/SF/CRB/23/II/0106","APOTEK CITRA FARMA"
"SJ/SMR/SF/CRB/23/II/0108","APOTEK KHASANAH MUNDU"
"SJ/SMR/SF/CRB/23/II/0109","APOTEK WOLU"
"SJ/SMR/SF/CRB/23/II/0110","APOTEK SHELLA FARMA"
"SJ/SMR/SF/CRB/23/II/0111","APOTEK BRAJA MEDIKA"
"SJ/SMR/SF/CRB/23/II/0112","TO. KIANDRA"
"SJ/SMR/SF/CRB/23/II/0113","APOTEK NABILA PASAR MINGGU"
"SJ/SMR/SF/CRB/23/II/0114 ","APOTEK SALFATHAN"
"SJ/SMR/SF/CRB/23/II/0115","APOTEK AFISHA FARMA"
"SJ/SMR/SF/CRB/23/II/0116","APOTEK ASSYIFA SADAMANTRA"
"SJ/SMR/SF/CRB/23/II/0117","APOTEK AZIMAT"
"SJ/SMR/SF/CRB/23/II/0118","APOTEK SEHAT FARMA"
"SJ/SMR/SF/CRB/23/II/0119","APOTEK TRUSSEHAT"
"SJ/SMR/SF/CRB/23/II/0120","APOTEK AIMAR"
"SJ/SMR/SF/CRB/23/II/0121","APOTEK SANA FARMA"
"SJ/SMR/SF/CRB/23/II/0122","APOTEK AFIAT FARMA"
"SJ/SMR/SF/CRB/23/II/0123","APOTEK AMAN HUSADA 2"
"SJ/SMR/SF/CRB/23/II/0124","APOTEK FIRDAN"
"SJ/SMR/SF/CRB/23/II/0125","APOTEK PHARMASIA CIDENG"
"SJ/SMR/SF/CRB/23/II/0126","APOTEK AIMAR"
"SJ/SMR/SF/CRB/23/II/0127","APOTEK RESTU 2"
"SJ/SMR/SF/CRB/23/II/0128","APOTEK KELUARGA FARMA"
"SJ/SMR/SF/CRB/23/II/0129","APOTEK JAYA FARMA"
"SJ/SMR/SF/CRB/23/II/0130","APOTEK HARJAMUKTI"
"SJ/SMR/SF/CRB/23/II/0131","APOTEK PELITA HARJAMUKTI"
"SJ/SMR/SF/CRB/23/II/0132","APOTEK PHARMASIA GESIK"
"SJ/SMR/SF/CRB/23/II/0133","APOTEK NAZHUFA"
"SJ/SMR/SF/CRB/23/II/0134","APOTEK AFIYAA"
"SJ/SMR/SF/CRB/23/II/0135","APOTEK ANANDA MUNDU"
"SJ/SMR/SF/CRB/23/II/0136","APOTEK CEMPAKA"
"SJ/SMR/SF/CRB/23/II/0137","APOTEK PRATAMA 2"
"SJ/SMR/SF/CRB/23/II/0138","APOTEK AYU JAYA FARMA"
"SJ/SMR/SF/CRB/23/II/0139","APOTEK AIMAR"
"SJ/SMR/SF/CRB/23/II/0140","APOTEK MULIA FARMA KARANGWANGI"
"SJ/SMR/SF/CRB/23/II/0141","APOTEK RESTU KISABALANANG"
"SJ/SMR/SF/CRB/23/II/0142","APOTEK ASYABIYA FARMA"
"SJ/SMR/SF/CRB/23/II/0143","APOTEK KITA 88"
"SJ/SMR/SF/CRB/23/II/0144","APOTEK DELIMA"
"SJ/SMR/SF/CRB/23/II/0145","APOTEK INSAN FARMA SITOMPENG"
"SJ/SMR/SF/CRB/23/II/0146","APOTEK AIMAR"
"SJ/SMR/SF/CRB/23/II/0147","APOTEK MEDIKA"
"SJ/SMR/SF/CRB/23/II/0148","APOTEK KAYAS"
"SJ/SMR/SF/CRB/23/II/0149","APOTEK ARVEL FARMA"
"SJ/SMR/SF/CRB/23/II/0150","APOTEK SERBA WARAS"
"SJ/SMR/SF/CRB/23/II/0151","APOTEK AMAN HUSADA 2"
"SJ/SMR/SF/CRB/23/II/0152","APOTEK SHELLA FARMA"
"SJ/SMR/SF/CRB/23/II/0153","APOTEK NABILA PASAR MINGGU"
"SJ/SMR/SF/CRB/23/II/0154","APOTEK WOLU"
"SJ/SMR/SF/CRB/23/II/0155","PT. Aman Farmasindo Abadi"
"SJ/SMR/SF/CRB/23/II/0156","APOTEK PRATAMA KESAMBI"
"SJ/SMR/SF/CRB/23/II/0157","APOTEK SITI MULYA"
"SJ/SMR/SF/CRB/23/II/0158","APOTEK GRACELINA"
"SJ/SMR/SF/CRB/23/II/0159","TOKO RUDI"
"SJ/SMR/SF/CRB/23/II/0160","APOTEK DHARMA HUSADA"
"SJ/SMR/SF/CRB/23/II/0161","APOTEK SIDAPURNA"
"SJ/SMR/SF/CRB/23/II/0163","APOTEK AIMAR"
"SJ/SMR/SF/CRB/23/II/0164","APOTEK AIMAR"
"SJ/SMR/SF/CRB/23/II/0165","APOTEK PAMIJAHAN"
"SJ/SMR/SF/CRB/23/II/0166","APOTEK GEGESIK FARMA"
"SJ/SMR/SF/CRB/23/II/0167","APOTEK ASSYIFA SADAMANTRA"
"SJ/SMR/SF/CRB/23/II/0168","APOTEK SEHAT INSANI"
"SJ/SMR/SF/CRB/23/II/0169","APOTEK AIMAR"
"SJ/SMR/SF/CRB/23/II/0170","APOTEK PHARMASIA GESIK"
"SJ/SMR/SF/CRB/23/II/0171","APOTEK AIMAR"
"SJ/SMR/SF/CRB/23/II/0172","APOTEK NABILA PASAR MINGGU"
"SJ/SMR/SF/CRB/23/II/0173","APOTEK PHARMASIA CIREA"
"SJ/SMR/SF/CRB/23/II/0174","APOTEK DAN KLINIK VISA"
"SJ/SMR/SF/CRB/23/II/0175","APOTEK MARKISA"
"SJ/SMR/SF/CRB/23/II/0176","APOTEK INTI SEHAT CIREBON"
"SJ/SMR/SF/CRB/23/II/0177","APOTEK AIMAR"
"SJ/SMR/SF/CRB/23/II/0178","APOTEK AIMAR"
"SJ/SMR/SF/CRB/23/II/0179","APOTEK AROFAT GSI"
"SJ/SMR/SF/CRB/23/II/0180","APOTEK RYAN FARMA"
"SJ/SMR/SF/CRB/23/II/0181","APOTEK BILLI FARMA"
"SJ/SMR/SF/CRB/23/II/0182","APOTEK AIMAR"
"SJ/SMR/SF/CRB/23/II/0183","APOTEK K24 WINDUHAJI"
"SJ/SMR/SF/CRB/23/II/0184","APOTEK K24 JUANDA"
"SJ/SMR/SF/CRB/23/II/0185","APOTEK K24 CIPORANG"
"SJ/SMR/SF/CRB/23/III/0186","APOTEK WOLU"
"SJ/SMR/SF/CRB/23/III/0187","APOTEK MULIA FARMA KARANGWANGI"
"SJ/SMR/SF/CRB/23/III/0188","APOTEK AIMAR"
"SJ/SMR/SF/CRB/23/III/0189","APOTEK CEMPAKA"
"SJ/SMR/SF/CRB/23/III/0190","APOTEK NABILA PASAR MINGGU"
"SJ/SMR/SF/CRB/23/III/0191","APOTEK AFISHA FARMA"
"SJ/SMR/SF/CRB/23/III/0192","APOTEK WANI FARMA"
"SJ/SMR/SF/CRB/23/III/0193","APOTEK AFIYAA"
"SJ/SMR/SF/CRB/23/III/0194","APOTEK AIMAR"
"SJ/SMR/SF/CRB/23/III/0195","APOTEK SALFATHAN"
"SJ/SMR/SF/CRB/23/III/0196","APOTEK AURA"
"SJ/SMR/SF/CRB/23/III/0197","APOTEK AIMAR"
"SJ/SMR/SF/CRB/23/III/0198","APOTEK MULIA FARMA KARANGWANGI"
"SJ/SMR/SF/CRB/23/III/0199","TOKO H. SUMARDI"
"SJ/SMR/SF/CRB/23/III/0200","APOTEK AIMAR"
"SJ/SMR/SF/CRB/23/III/0201","APOTEK INSAN FARMA SITOMPENG"
"SJ/SMR/SF/CRB/23/III/0202","APOTEK PHARMASIA CIDENG"
"SJ/SMR/SF/CRB/23/III/0203","APOTEK A4"
"SJ/SMR/SF/CRB/23/III/0204","APOTEK NABILA PASAR MINGGU"
"SJ/SMR/SF/CRB/23/III/0205","APOTEK ASSYIFA SADAMANTRA"
"SJ/SMR/SF/CRB/23/III/0206","APOTEK TERBIT MUTIARA FARMA"
"SJ/SMR/SF/CRB/23/III/0207","APOTEK SHELLA FARMA"
"SJ/SMR/SF/CRB/23/III/0208","APOTEK KITA 88"
"SJ/SMR/SF/CRB/23/III/0209","APOTEK MITRA SEJAHTERA CIREBON"
"SJ/SMR/SF/CRB/23/III/0210","APOTEK INTI SEHAT CIREBON"
"SJ/SMR/SF/CRB/23/III/0211","APOTEK TRUSSEHAT"
"SJ/SMR/SF/CRB/23/III/0212","APOTEK NAZHUFA"
"SJ/SMR/SF/CRB/23/III/0213","APOTEK AIMAR"
"SJ/SMR/SF/CRB/23/III/0214","APOTEK BERKAH FARMA MAJALENGKA"
"SJ/SMR/SF/CRB/23/III/0215","APOTEK PHARMASIA GESIK"
"SJ/SMR/SF/CRB/23/III/0216","TO. KIANDRA"
"SJ/SMR/SF/CRB/23/III/0217","APOTEK AIMAR"
"SJ/SMR/SF/CRB/23/III/0218","APOTEK NAU FARMA"
"SJ/SMR/SF/CRB/23/III/0219","APOTEK K24 JUANDA"
"SJ/SMR/SF/CRB/23/III/0220","APOTEK FAJAR SEHAT 3"
"SJ/SMR/SF/CRB/23/III/0221","APOTEK SALSABILAH"
"SJ/SMR/SF/CRB/23/III/0222","APOTEK ANGGUN FARMA"
"SJ/SMR/SF/CRB/23/III/0223","APOTEK PHARMASIA CIREA"
"SJ/SMR/SF/CRB/23/III/0224","APOTEK AIMAR"
"SJ/SMR/SF/CRB/23/III/0225","APOTEK NABILA PASAR MINGGU"
"SJ/SMR/SF/CRB/23/III/0226","APOTEK KELUARGA FARMA"
"SJ/SMR/SF/CRB/23/III/0227","APOTEK AIMAR"
"SJ/SMR/SF/CRB/23/III/0228","APOTEK AIMAR"
"SJ/SMR/SF/CRB/23/III/0229","APOTEK KASUNEAN"
"SJ/SMR/SF/CRB/23/III/0230","APOTEK AROFAT GSI"
"SJ/SMR/SF/CRB/23/III/0231","APOTEK SHELLA FARMA"
"SJ/SMR/SF/CRB/23/III/0232","APOTEK AIMAR"
"SJ/SMR/SF/CRB/23/III/0233","APOTEK AIMAR"
"SJ/SMR/SF/CRB/23/III/0234","APOTEK PERUM"
"SJ/SMR/SF/CRB/23/III/0235","APOTEK RESTU KISABALANANG"
"SJ/SMR/SF/CRB/23/III/0236","APOTEK DITA FARMA"
"SJ/SMR/SF/CRB/23/III/0237","APOTEK PRATAMA KESAMBI"
"SJ/SMR/SF/CRB/23/III/0238","APOTEK ZAHIDAH FARMA"
"SJ/SMR/SF/CRB/23/III/0239","APOTEK INTI SEHAT CIREBON"
"SJ/SMR/SF/CRB/23/III/0240","APOTEK TITIN FARMA"
"SJ/SMR/SF/CRB/23/III/0241","APOTEK PHARMASIA GESIK"
"SJ/SMR/SF/CRB/23/III/0242","APOTEK MULIA FARMA KARANGWANGI"
"SJ/SMR/SF/CRB/23/III/0243","APOTEK ASSYIFA SADAMANTRA"
"SJ/SMR/SF/CRB/23/III/0244","APOTEK AIMAR"
"SJ/SMR/SF/CRB/23/III/0245","APOTEK AIMAR"
"SJ/SMR/SF/CRB/23/III/0246","APOTEK RESTU 2"
"SJ/SMR/SF/CRB/23/III/0247","APOTEK AQUARIUS"
"SJ/SMR/SF/CRB/23/III/0248","APOTEK KITA 88"
"SJ/SMR/SF/CRB/23/III/0249","APOTEK KITA 88"
"SJ/SMR/SF/CRB/23/III/0250","APOTEK PRATAMA KESAMBI"
"SJ/SMR/SF/CRB/23/III/0251","APOTEK AFIYAA"
"SJ/SMR/SF/CRB/23/III/0252","APOTEK PELITA HARJAMUKTI"
"SJ/SMR/SF/CRB/23/III/0253","APOTEK INSAN FARMA SITOMPENG"
"SJ/SMR/SF/CRB/23/III/0254","APOTEK NABILA PASAR MINGGU"
"SJ/SMR/SF/CRB/23/III/0255","APOTEK AIMAR"
"SJ/SMR/SF/CRB/23/III/0256","APOTEK AIMAR"
"SJ/SMR/SF/CRB/23/III/0257","APOTEK CIRENDANG"
"SJ/SMR/SF/CRB/23/III/0258","APOTEK ZAHIDAH FARMA"
"SJ/SMR/SF/CRB/23/IV/0259","APOTEK MULIA TUPAREV"
"SJ/SMR/SF/CRB/23/IV/0260","APOTEK AIMAR"
"SJ/SMR/SF/CRB/23/IV/0261","APOTEK AIMAR"
"SJ/SMR/SF/CRB/23/IV/0262","TO. KIANDRA"
"SJ/SMR/SF/CRB/23/IV/0263","APOTEK AIMAR"
"SJ/SMR/SF/CRB/23/IV/0264","APOTEK AFISHA FARMA"
"SJ/SMR/SF/CRB/23/IV/0265","APOTEK ARWA FARMA"
"SJ/SMR/SF/CRB/23/IV/0266","APOTEK NABILA PASAR MINGGU"
"SJ/SMR/SF/CRB/23/IV/0267","APOTEK AIMAR"
"SJ/SMR/SF/CRB/23/IV/0268","APOTEK ASSYIFA FARMA CIDERES"
"SJ/SMR/SF/CRB/23/IV/0269","APOTEK K24 JUANDA"
"SJ/SMR/SF/CRB/23/IV/0270","APOTEK SEHAT FARMA"
"SJ/SMR/SF/CRB/23/IV/0271","APOTEK AIMAR"
"SJ/SMR/SF/CRB/23/IV/0274","APOTEK PHARMASIA CIREA"
"SJ/SMR/SF/CRB/23/IV/0275","APOTEK PAMIJAHAN"
"SJ/SMR/SF/CRB/23/IV/0276","APOTEK ASSYIFA SADAMANTRA"
"SJ/SMR/SF/CRB/23/IV/0277","APOTEK AIMAR"
"SJ/SMR/SF/CRB/23/IV/0282","APOTEK K24 WINDUHAJI"
"SJ/SMR/SF/CRB/23/IV/0283","APOTEK MULIA FARMA KARANGWANGI"
"SJ/SMR/SF/CRB/23/IV/0284","APOTEK NABILA PASAR MINGGU"
"SJ/SMR/SF/CRB/23/IV/0285","APOTEK AIMAR"
"SJ/SMR/SF/CRB/23/IV/0286","APOTEK WIJAYA HUSADA"
"SJ/SMR/SF/CRB/23/IV/0287","TOKO SANTANA"
"SJ/SMR/SF/CRB/23/IV/0288","APOTEK INTI SEHAT CIREBON"
"SJ/SMR/SF/CRB/23/IV/0289","APOTEK DELIMA"
"SJ/SMR/SF/CRB/23/IV/0290","APOTEK INSAN FARMA SITOMPENG"
"SJ/SMR/SF/CRB/23/IV/0291","APOTEK PHARMASIA CIDENG"
"SJ/SMR/SF/CRB/23/IV/0292","APOTEK LANA FARMA"
"SJ/SMR/SF/CRB/23/IV/0293","APOTEK AIMAR"
"SJ/SMR/SF/CRB/23/IV/0294","APOTEK TRUSSEHAT"
"SJ/SMR/SF/CRB/23/IV/0295","APOTEK NABILA PASAR MINGGU"
"SJ/SMR/SF/CRB/23/IX/0582","APOTEK DELIMA"
"SJ/SMR/SF/CRB/23/IX/0583","APOTEK TRUSSEHAT"
"SJ/SMR/SF/CRB/23/IX/0584","APOTEK AIMAR"
"SJ/SMR/SF/CRB/23/IX/0585","APOTEK AFISHA FARMA"
"SJ/SMR/SF/CRB/23/IX/0586","APOTEK AFISHA FARMA"
"SJ/SMR/SF/CRB/23/IX/0587","APOTEK WANI FARMA"
"SJ/SMR/SF/CRB/23/IX/0588","APOTEK FAJAR SEHAT"
"SJ/SMR/SF/CRB/23/IX/0589","APOTEK VIRLIAN"
"SJ/SMR/SF/CRB/23/IX/0590","APOTEK KITA 88"
"SJ/SMR/SF/CRB/23/IX/0591","APOTEK BAGJA"
"SJ/SMR/SF/CRB/23/IX/0592","APOTEK AIMAR"
"SJ/SMR/SF/CRB/23/IX/0593","APOTEK NAYA 248"
"SJ/SMR/SF/CRB/23/IX/0594","APOTEK SHELLA FARMA"
"SJ/SMR/SF/CRB/23/IX/0595","APOTEK PHARMASIA GESIK"
"SJ/SMR/SF/CRB/23/IX/0596","APOTEK K24 WINDUHAJI"
"SJ/SMR/SF/CRB/23/IX/0597","APOTEK AIMAR"
"SJ/SMR/SF/CRB/23/IX/0598","APOTEK AIMAR"
"SJ/SMR/SF/CRB/23/IX/0599","APOTEK INTI SEHAT CIREBON"
"SJ/SMR/SF/CRB/23/IX/0600","TOKO HJ OZAH"
"SJ/SMR/SF/CRB/23/IX/0601","APOTEK INSAN FARMA SITOMPENG"
"SJ/SMR/SF/CRB/23/IX/0602","APOTEK PRATAMA KESAMBI"
"SJ/SMR/SF/CRB/23/IX/0603","TOKO H. SUMARDI"
"SJ/SMR/SF/CRB/23/IX/0604","APOTEK PHARMASIA CIDENG"
"SJ/SMR/SF/CRB/23/IX/0605","APOTEK AFIYAA"
"SJ/SMR/SF/CRB/23/IX/0606","PT. Aman Farmasindo Abadi"
"SJ/SMR/SF/CRB/23/IX/0607","APOTEK AIMAR"
"SJ/SMR/SF/CRB/23/IX/0608","TOKO ROYAL"
"SJ/SMR/SF/CRB/23/IX/0609","APOTEK AFISHA FARMA"
"SJ/SMR/SF/CRB/23/IX/0610","APOTEK NABILA PASAR MINGGU"
"SJ/SMR/SF/CRB/23/IX/0611","APOTEK AIMAR"
"SJ/SMR/SF/CRB/23/IX/0612","TOKO SANTANA"
"SJ/SMR/SF/CRB/23/IX/0613","TOKO RUDI"
"SJ/SMR/SF/CRB/23/IX/0614","APOTEK AIMAR"
"SJ/SMR/SF/CRB/23/IX/0615","APOTEK KESUNEAN"
"SJ/SMR/SF/CRB/23/IX/0616","APOTEK AIMAR"
"SJ/SMR/SF/CRB/23/IX/0617","APOTEK MULIA FARMA KARANGWANGI"
"SJ/SMR/SF/CRB/23/IX/0618","APOTEK AIMAR"
"SJ/SMR/SF/CRB/23/IX/0619","APOTEK IKHLAS"
"SJ/SMR/SF/CRB/23/IX/0620","APOTEK AFISHA FARMA"
"SJ/SMR/SF/CRB/23/IX/0621","APOTEK AIMAR"
"SJ/SMR/SF/CRB/23/IX/0622","APOTEK AIMAR"
"SJ/SMR/SF/CRB/23/IX/0623","APOTEK WOLU"
"SJ/SMR/SF/CRB/23/IX/0624","APOTEK AIMAR"
"SJ/SMR/SF/CRB/23/IX/0625","APOTEK SALFATHAN"
"SJ/SMR/SF/CRB/23/IX/0626","APOTEK DELIMA"
"SJ/SMR/SF/CRB/23/IX/0627","APOTEK AIMAR"
"SJ/SMR/SF/CRB/23/IX/0628","APOTEK GRAMESIA"
"SJ/SMR/SF/CRB/23/IX/0629","APOTEK AIMAR"
"SJ/SMR/SF/CRB/23/IX/0630","APOTEK YANDA"
"SJ/SMR/SF/CRB/23/IX/0631","APOTEK AIMAR"
"SJ/SMR/SF/CRB/23/IX/0632","APOTEK AIMAR"
"SJ/SMR/SF/CRB/23/IX/0633","APOTEK KELUARGA FARMA"
"SJ/SMR/SF/CRB/23/IX/0634","TOKO ROYAL"
"SJ/SMR/SF/CRB/23/IX/0635","APOTEK AIMAR"
"SJ/SMR/SF/CRB/23/IX/0636","APOTEK SHELLA FARMA"
"SJ/SMR/SF/CRB/23/IX/0637","PT. Aman Farmasindo Abadi"
"SJ/SMR/SF/CRB/23/IX/0638","APOTEK AZIZAH"
"SJ/SMR/SF/CRB/23/IX/0639","APOTEK LANA FARMA"
"SJ/SMR/SF/CRB/23/IX/0640","APOTEK KITA 88"
"SJ/SMR/SF/CRB/23/IX/0641","APOTEK AIMAR"
"SJ/SMR/SF/CRB/23/IX/0642","APOTEK AYU JAYA FARMA"
"SJ/SMR/SF/CRB/23/IX/0643","TOKO BASUNI"
"SJ/SMR/SF/CRB/23/IX/0644","APOTEK AIMAR"
"SJ/SMR/SF/CRB/23/IX/0645","APOTEK FAJAR SEHAT 3"
"SJ/SMR/SF/CRB/23/IX/0646","APOTEK MULIA FARMA KARANGWANGI"
"SJ/SMR/SF/CRB/23/IX/0647","APOTEK KITA 88"
"SJ/SMR/SF/CRB/23/IX/0648","APOTEK PRATAMA KESAMBI"
"SJ/SMR/SF/CRB/23/IX/0649","APOTEK AFISHA FARMA"
"SJ/SMR/SF/CRB/23/IX/0650","APOTEK AFISHA FARMA"
"SJ/SMR/SF/CRB/23/V/0299","APOTEK ASSYIFA FARMA CIDERES"
"SJ/SMR/SF/CRB/23/V/0300","APOTEK BERKAH FARMA MAJALENGKA"
"SJ/SMR/SF/CRB/23/V/0301","APOTEK AULIA FARMA ARJAWINANGUN"
"SJ/SMR/SF/CRB/23/V/0302","APOTEK MITRA SEJAHTERA CIREBON"
"SJ/SMR/SF/CRB/23/V/0303","APOTEK WOLU"
"SJ/SMR/SF/CRB/23/V/0304","APOTEK PHARMASIA CIREA"
"SJ/SMR/SF/CRB/23/V/0305","APOTEK NABILA PASAR MINGGU"
"SJ/SMR/SF/CRB/23/V/0306","APOTEK KHASANAH MUNDU"
"SJ/SMR/SF/CRB/23/V/0307","APOTEK PRATAMA KESAMBI"
"SJ/SMR/SF/CRB/23/V/0308","APOTEK AFISHA FARMA"
"SJ/SMR/SF/CRB/23/V/0309","APOTEK AIMAR"
"SJ/SMR/SF/CRB/23/V/0310","APOTEK PAMIJAHAN"
"SJ/SMR/SF/CRB/23/V/0311","APOTEK INTI SEHAT CIREBON"
"SJ/SMR/SF/CRB/23/V/0312","APOTEK AIMAR"
"SJ/SMR/SF/CRB/23/V/0313","APOTEK AFIYAA"
"SJ/SMR/SF/CRB/23/V/0314","APOTEK ASSYIFA SADAMANTRA"
"SJ/SMR/SF/CRB/23/V/0315","APOTEK AIMAR"
"SJ/SMR/SF/CRB/23/V/0316","APOTEK KITA 88"
"SJ/SMR/SF/CRB/23/V/0317","APOTEK FALIH FARMA"
"SJ/SMR/SF/CRB/23/V/0318","APOTEK KITA 88"
"SJ/SMR/SF/CRB/23/V/0319","APOTEK AZIZAH"
"SJ/SMR/SF/CRB/23/V/0320","APOTEK AIMAR"
"SJ/SMR/SF/CRB/23/V/0321","APOTEK AIMAR"
"SJ/SMR/SF/CRB/23/V/0322","APOTEK ZAHIDAH FARMA"
"SJ/SMR/SF/CRB/23/V/0323","APOTEK GEGESIK FARMA"
"SJ/SMR/SF/CRB/23/V/0324","TOKO APUNG"
"SJ/SMR/SF/CRB/23/V/0325","APOTEK AIMAR"
"SJ/SMR/SF/CRB/23/V/0326","APOTEK AIMAR"
"SJ/SMR/SF/CRB/23/V/0327","APOTEK AIMAR"
"SJ/SMR/SF/CRB/23/V/0328","APOTEK AYU JAYA FARMA"
"SJ/SMR/SF/CRB/23/V/0329","APOTEK MULIA FARMA KARANGWANGI"
"SJ/SMR/SF/CRB/23/V/0330","APOTEK AIMAR"
"SJ/SMR/SF/CRB/23/V/0331","APOTEK AIMAR"
"SJ/SMR/SF/CRB/23/V/0332","APOTEK INSAN FARMA SITOMPENG"
"SJ/SMR/SF/CRB/23/V/0333","APOTEK GRAMESIA"
"SJ/SMR/SF/CRB/23/V/0334","APOTEK AIMAR"
"SJ/SMR/SF/CRB/23/V/0335","APOTEK AIMAR"
"SJ/SMR/SF/CRB/23/V/0336","APOTEK AIMAR"
"SJ/SMR/SF/CRB/23/V/0337","APOTEK KARANG ANYAR"
"SJ/SMR/SF/CRB/23/V/0338","APOTEK ERISTA"
"SJ/SMR/SF/CRB/23/V/0339","APOTEK WIDIYA FARMA"
"SJ/SMR/SF/CRB/23/V/0340","APOTEK TUMARITIS"
"SJ/SMR/SF/CRB/23/V/0341","APOTEK AIMAR"
"SJ/SMR/SF/CRB/23/V/0342","APOTEK AIMAR"
"SJ/SMR/SF/CRB/23/V/0343","APOTEK JAYA FARMA"
"SJ/SMR/SF/CRB/23/V/0344","APOTEK KELUARGA FARMA"
"SJ/SMR/SF/CRB/23/V/0345","APOTEK AIMAR"
"SJ/SMR/SF/CRB/23/V/0346","APOTEK NAZHUFA"
"SJ/SMR/SF/CRB/23/V/0347","APOTEK AIMAR"
"SJ/SMR/SF/CRB/23/V/0348","APOTEK AFIYAA"
"SJ/SMR/SF/CRB/23/V/0349","APOTEK ASSYIFA SADAMANTRA"
"SJ/SMR/SF/CRB/23/V/0350","APOTEK AZIZAH"
"SJ/SMR/SF/CRB/23/V/0351","APOTEK MULIA FARMA KARANGWANGI"
"SJ/SMR/SF/CRB/23/V/0352","APOTEK SITI MULYA"
"SJ/SMR/SF/CRB/23/V/0353","APOTEK HOKY SEHAT"
"SJ/SMR/SF/CRB/23/V/0354","APOTEK NABILA PASAR MINGGU"
"SJ/SMR/SF/CRB/23/V/0355","APOTEK AIMAR"
"SJ/SMR/SF/CRB/23/V/0356","APOTEK AIMAR"
"SJ/SMR/SF/CRB/23/V/0357","APOTEK TAMAN KOTA"
"SJ/SMR/SF/CRB/23/V/0358","APOTEK ASSYFA SILIH ASIH"
"SJ/SMR/SF/CRB/23/V/0359","APOTEK AIMAR"
"SJ/SMR/SF/CRB/23/V/0360","APOTEK AIMAR"
"SJ/SMR/SF/CRB/23/V/0361","APOTEK PRATAMA KESAMBI"
"SJ/SMR/SF/CRB/23/V/0362","APOTEK SEHAT FARMA"
"SJ/SMR/SF/CRB/23/V/0363","APOTEK GENTER FARMA"
"SJ/SMR/SF/CRB/23/V/0364","APOTEK BAGJA"
"SJ/SMR/SF/CRB/23/V/0365","APOTEK AIMAR"
"SJ/SMR/SF/CRB/23/V/0366","APOTEK INSAN FARMA SITOMPENG"
"SJ/SMR/SF/CRB/23/V/0367","APOTEK CEMPAKA"
"SJ/SMR/SF/CRB/23/V/0368","APOTEK AIMAR"
"SJ/SMR/SF/CRB/23/V/0369","APOTEK FATIMAH SUMBER"
"SJ/SMR/SF/CRB/23/V/0370","APOTEK DELIMA"
"SJ/SMR/SF/CRB/23/V/0371","APOTEK AZKA CIREBON"
"SJ/SMR/SF/CRB/23/V/0372","APOTEK AIMAR"
"SJ/SMR/SF/CRB/23/V/0373","APOTEK LANA FARMA"
"SJ/SMR/SF/CRB/23/V/0374","APOTEK TRUSSEHAT"
"SJ/SMR/SF/CRB/23/V/0375","APOTEK INTI SEHAT CIREBON"
"SJ/SMR/SF/CRB/23/V/0376","APOTEK PAMIJAHAN"
"SJ/SMR/SF/CRB/23/V/0377","APOTEK PHARMASIA CIDENG"
"SJ/SMR/SF/CRB/23/V/0378","APOTEK BUNDA FARMA CIREBON"
"SJ/SMR/SF/CRB/23/V/0379","APOTEK KELUARGA FARMA"
"SJ/SMR/SF/CRB/23/V/0380","APOTEK K24 CIPORANG"
"SJ/SMR/SF/CRB/23/V/0381","APOTEK WOLU"
"SJ/SMR/SF/CRB/23/V/0382","APOTEK AIMAR"
"SJ/SMR/SF/CRB/23/V/0383","APOTEK SALFATHAN"
"SJ/SMR/SF/CRB/23/V/0384","APOTEK AIMAR"
"SJ/SMR/SF/CRB/23/VI/0385","APOTEK AYUNDA"
"SJ/SMR/SF/CRB/23/VI/0386","APOTEK WIDIYA FARMA"
"SJ/SMR/SF/CRB/23/VI/0387","APOTEK ABJAD FARMA"
"SJ/SMR/SF/CRB/23/VI/0388","APOTEK TERBIT MUTIARA FARMA"
"SJ/SMR/SF/CRB/23/VI/0389","PT. Aman Farmasindo Abadi"
"SJ/SMR/SF/CRB/23/VI/0390","APOTEK NABILA PASAR MINGGU"
"SJ/SMR/SF/CRB/23/VI/0391","APOTEK AIMAR"
"SJ/SMR/SF/CRB/23/VI/0392","APOTEK SIDAPURNA"
"SJ/SMR/SF/CRB/23/VI/0393","APOTEK BERKAH SEHAT OTISTA"
"SJ/SMR/SF/CRB/23/VI/0394","APOTEK TRUSSEHAT"
"SJ/SMR/SF/CRB/23/VI/0395","APOTEK NAZHUFA"
"SJ/SMR/SF/CRB/23/VI/0396","APOTEK SHELLA FARMA"
"SJ/SMR/SF/CRB/23/VI/0397","APOTEK IKHLAS"
"SJ/SMR/SF/CRB/23/VI/0398","APOTEK AIMAR"
"SJ/SMR/SF/CRB/23/VI/0399","APOTEK ASSYIFA SADAMANTRA"
"SJ/SMR/SF/CRB/23/VI/0400","APOTEK VIRLIAN"
"SJ/SMR/SF/CRB/23/VI/0401","APOTEK WANI FARMA"
"SJ/SMR/SF/CRB/23/VI/0402","APOTEK BERKAH FARMA MAJALENGKA"
"SJ/SMR/SF/CRB/23/VI/0403","APOTEK FATIMAH SUMBER"
"SJ/SMR/SF/CRB/23/VI/0404","APOTEK AIMAR"
"SJ/SMR/SF/CRB/23/VI/0405","APOTEK K24 WINDUHAJI"
"SJ/SMR/SF/CRB/23/VI/0406","APOTEK RYAN FARMA"
"SJ/SMR/SF/CRB/23/VI/0407","APOTEK INTI SEHAT CIREBON"
"SJ/SMR/SF/CRB/23/VI/0408","APOTEK CIRENDANG"
"SJ/SMR/SF/CRB/23/VI/0409","APOTEK ZAHIDAH FARMA"
"SJ/SMR/SF/CRB/23/VI/0410","TOKO H. SUMARDI"
"SJ/SMR/SF/CRB/23/VI/0411","APOTEK AFISHA FARMA"
"SJ/SMR/SF/CRB/23/VI/0412","APOTEK PELITA HARJAMUKTI"
"SJ/SMR/SF/CRB/23/VI/0413","APOTEK AIMAR"
"SJ/SMR/SF/CRB/23/VI/0414","APOTEK MULIA FARMA KARANGWANGI"
"SJ/SMR/SF/CRB/23/VI/0415","APOTEK KELUARGA FARMA"
"SJ/SMR/SF/CRB/23/VI/0416","APOTEK ASSYIFA FARMA CIDERES"
"SJ/SMR/SF/CRB/23/VI/0417","APOTEK BILLI FARMA"
"SJ/SMR/SF/CRB/23/VI/0418","APOTEK AIMAR"
"SJ/SMR/SF/CRB/23/VI/0419","APOTEK KITA 88"
"SJ/SMR/SF/CRB/23/VI/0420","APOTEK KELUARGA FARMA"
"SJ/SMR/SF/CRB/23/VI/0421","APOTEK AIMAR"
"SJ/SMR/SF/CRB/23/VI/0422","APOTEK KESUNEAN"
"SJ/SMR/SF/CRB/23/VI/0423","APOTEK AIMAR"
"SJ/SMR/SF/CRB/23/VI/0424","APOTEK ANGGUN FARMA"
"SJ/SMR/SF/CRB/23/VI/0425","APOTEK ZAHIDAH FARMA"
"SJ/SMR/SF/CRB/23/VI/0426","APOTEK KITA 88"
"SJ/SMR/SF/CRB/23/VI/0427","APOTEK BINTANG FARMA"
"SJ/SMR/SF/CRB/23/VI/0428","APOTEK PRATAMA KESAMBI"
"SJ/SMR/SF/CRB/23/VI/0429","APOTEK AIMAR"
"SJ/SMR/SF/CRB/23/VI/0430","APOTEK CIKULAK"
"SJ/SMR/SF/CRB/23/VI/0431","APOTEK AYU JAYA FARMA"
"SJ/SMR/SF/CRB/23/VI/0432","APOTEK PAMIJAHAN"
"SJ/SMR/SF/CRB/23/VI/0433","APOTEK WIDIYA FARMA"
"SJ/SMR/SF/CRB/23/VI/0434","APOTEK AIMAR"
"SJ/SMR/SF/CRB/23/VI/0435","APOTEK K24 KALITANJUNG"
"SJ/SMR/SF/CRB/23/VI/0436","APOTEK AZZAHRA"
"SJ/SMR/SF/CRB/23/VI/0437","TOKO AZAHRA"
"SJ/SMR/SF/CRB/23/VI/0438","APOTEK HAFIDZ FARMA"
"SJ/SMR/SF/CRB/23/VI/0439","APOTEK NABILA PASAR MINGGU"
"SJ/SMR/SF/CRB/23/VI/0440","APOTEK AFIYAA"
"SJ/SMR/SF/CRB/23/VI/0441","APOTEK AIMAR"
"SJ/SMR/SF/CRB/23/VI/0442","APOTEK DELIMA"
"SJ/SMR/SF/CRB/23/VI/0443","APOTEK SALFATHAN"
"SJ/SMR/SF/CRB/23/VI/0444","APOTEK AIMAR"
"SJ/SMR/SF/CRB/23/VI/0445","APOTEK TITIN FARMA"
"SJ/SMR/SF/CRB/23/VI/0446","APOTEK PRATAMA KESAMBI"
"SJ/SMR/SF/CRB/23/VI/0447","APOTEK AZIZAH"
"SJ/SMR/SF/CRB/23/VI/0448","APOTEK SAMADIKUN"
"SJ/SMR/SF/CRB/23/VI/0449","APOTEK MAJASEM 12"
"SJ/SMR/SF/CRB/23/VI/0450","APOTEK SHELLA FARMA"
"SJ/SMR/SF/CRB/23/VI/0451","APOTEK NAYA 248"
"SJ/SMR/SF/CRB/23/VI/0452","APOTEK MITRA SEJAHTERA CIREBON"
"SJ/SMR/SF/CRB/23/VII/0453","APOTEK LANA FARMA"
"SJ/SMR/SF/CRB/23/VII/0454","APOTEK SIDAPURNA"
"SJ/SMR/SF/CRB/23/VII/0455","APOTEK AIMAR"
"SJ/SMR/SF/CRB/23/VII/0456","APOTEK INSAN FARMA SITOMPENG"
"SJ/SMR/SF/CRB/23/VII/0457","APOTEK WOLU"
"SJ/SMR/SF/CRB/23/VII/0458","APOTEK Q FARMA"
"SJ/SMR/SF/CRB/23/VII/0459","APOTEK AROFAT GSI"
"SJ/SMR/SF/CRB/23/VII/0460","APOTEK NABILA PASAR MINGGU"
"SJ/SMR/SF/CRB/23/VII/0461","APOTEK AIMAR"
"SJ/SMR/SF/CRB/23/VII/0462","APOTEK PHARMASIA CIREA"
"SJ/SMR/SF/CRB/23/VII/0463","APOTEK AFISHA FARMA"
"SJ/SMR/SF/CRB/23/VII/0464","APOTEK PHARMASIA GESIK"
"SJ/SMR/SF/CRB/23/VII/0465","APOTEK ARWA FARMA"
"SJ/SMR/SF/CRB/23/VII/0466","APOTEK INTI SEHAT CIREBON"
"SJ/SMR/SF/CRB/23/VII/0467","APOTEK DELIMA"
"SJ/SMR/SF/CRB/23/VII/0468","APOTEK MARKISA"
"SJ/SMR/SF/CRB/23/VII/0469","APOTEK NAZHUFA"
"SJ/SMR/SF/CRB/23/VII/0470","APOTEK AIMAR"
"SJ/SMR/SF/CRB/23/VII/0471","TOKO YAYAN"
"SJ/SMR/SF/CRB/23/VII/0472","APOTEK NABILA PASAR MINGGU"
"SJ/SMR/SF/CRB/23/VII/0473","APOTEK AIMAR"
"SJ/SMR/SF/CRB/23/VII/0474","APOTEK IKHLAS"
"SJ/SMR/SF/CRB/23/VII/0475","APOTEK PAMIJAHAN"
"SJ/SMR/SF/CRB/23/VII/0476","APOTEK AZKA CIREBON"
"SJ/SMR/SF/CRB/23/VII/0477","TOKO NONO"
"SJ/SMR/SF/CRB/23/VII/0478","APOTEK FIRDAN"
"SJ/SMR/SF/CRB/23/VII/0479","APOTEK IKHLAS"
"SJ/SMR/SF/CRB/23/VII/0480","APOTEK MULIA FARMA KARANGWANGI"
"SJ/SMR/SF/CRB/23/VII/0481","APOTEK BERKAH FARMA MAJALENGKA"
"SJ/SMR/SF/CRB/23/VII/0482","APOTEK BILLI FARMA"
"SJ/SMR/SF/CRB/23/VII/0483","APOTEK FAJAR SEHAT 3"
"SJ/SMR/SF/CRB/23/VII/0484","APOTEK ASSYIFA SADAMANTRA"
"SJ/SMR/SF/CRB/23/VII/0485","APOTEK KESUNEAN"
"SJ/SMR/SF/CRB/23/VII/0486","APOTEK PHARMASIA CIDENG"
"SJ/SMR/SF/CRB/23/VII/0487","APOTEK AYU JAYA FARMA"
"SJ/SMR/SF/CRB/23/VII/0488","APOTEK AIMAR"
"SJ/SMR/SF/CRB/23/VII/0489","APOTEK ANNISA FARMA CIAWIGEBANG"
"SJ/SMR/SF/CRB/23/VII/0493","APOTEK AFIYAA"
"SJ/SMR/SF/CRB/23/VII/0494","APOTEK NABILA PASAR MINGGU"
"SJ/SMR/SF/CRB/23/VII/0495","APOTEK AZZAHRA"
"SJ/SMR/SF/CRB/23/VII/0496","APOTEK AFISHA FARMA"
"SJ/SMR/SF/CRB/23/VII/0497","APOTEK FATIMAH SUMBER"
"SJ/SMR/SF/CRB/23/VII/0498","APOTEK PHARMASIA CIREA"
"SJ/SMR/SF/CRB/23/VII/0499","APOTEK GENTER FARMA"
"SJ/SMR/SF/CRB/23/VII/0500","APOTEK ASSYFA SILIH ASIH"
"SJ/SMR/SF/CRB/23/VII/0501","APOTEK PELITA HARJAMUKTI"
"SJ/SMR/SF/CRB/23/VII/0502","APOTEK C95"
"SJ/SMR/SF/CRB/23/VII/0503","APOTEK PRATAMA KESAMBI"
"SJ/SMR/SF/CRB/23/VII/0504","APOTEK AIMAR"
"SJ/SMR/SF/CRB/23/VII/0505","APOTEK CIKULAK"
"SJ/SMR/SF/CRB/23/VII/0506","APOTEK AIMAR"
"SJ/SMR/SF/CRB/23/VII/0507","APOTEK INTI SEHAT CIREBON"
"SJ/SMR/SF/CRB/23/VII/0508","APOTEK ZAHIDAH FARMA"
"SJ/SMR/SF/CRB/23/VII/0509","APOTEK WOLU"
"SJ/SMR/SF/CRB/23/VII/0510","APOTEK AFISHA FARMA"
"SJ/SMR/SF/CRB/23/VII/0511","APOTEK AIMAR"
"SJ/SMR/SF/CRB/23/VII/0512","APOTEK ERISTA"
"SJ/SMR/SF/CRB/23/VII/0513","APOTEK AIMAR"
"SJ/SMR/SF/CRB/23/VII/0514","APOTEK KITA 88"
"SJ/SMR/SF/CRB/23/VII/0515","APOTEK AIMAR"
"SJ/SMR/SF/CRB/23/VII/0516","APOTEK PAMIJAHAN"
"SJ/SMR/SF/CRB/23/VIII/0517","APOTEK C95"
"SJ/SMR/SF/CRB/23/VIII/0518","APOTEK ASSYIFA SADAMANTRA"
"SJ/SMR/SF/CRB/23/VIII/0519","APOTEK SEHAT FARMA"
"SJ/SMR/SF/CRB/23/VIII/0520","APOTEK AIMAR"
"SJ/SMR/SF/CRB/23/VIII/0521","PT. Aman Farmasindo Abadi"
"SJ/SMR/SF/CRB/23/VIII/0522","APOTEK BINTANG FARMA"
"SJ/SMR/SF/CRB/23/VIII/0523","APOTEK AIMAR"
"SJ/SMR/SF/CRB/23/VIII/0524","APOTEK JATI FARMA GUNUNG JATI"
"SJ/SMR/SF/CRB/23/VIII/0525","APOTEK AFIYAA"
"SJ/SMR/SF/CRB/23/VIII/0526","APOTEK AIMAR"
"SJ/SMR/SF/CRB/23/VIII/0527","APOTEK NAZHUFA"
"SJ/SMR/SF/CRB/23/VIII/0528","APOTEK PHARMASIA CIDENG"
"SJ/SMR/SF/CRB/23/VIII/0529","APOTEK DELIMA"
"SJ/SMR/SF/CRB/23/VIII/0530","APOTEK AZIZAH"
"SJ/SMR/SF/CRB/23/VIII/0531","APOTEK AIMAR"
"SJ/SMR/SF/CRB/23/VIII/0532","APOTEK MULIA FARMA KARANGWANGI"
"SJ/SMR/SF/CRB/23/VIII/0533","APOTEK TERBIT MUTIARA FARMA"
"SJ/SMR/SF/CRB/23/VIII/0534","APOTEK AIMAR"
"SJ/SMR/SF/CRB/23/VIII/0535","APOTEK INSAN FARMA SITOMPENG"
"SJ/SMR/SF/CRB/23/VIII/0536","APOTEK NABILA PASAR MINGGU"
"SJ/SMR/SF/CRB/23/VIII/0537","APOTEK AIMAR"
"SJ/SMR/SF/CRB/23/VIII/0538","APOTEK KELUARGA FARMA"
"SJ/SMR/SF/CRB/23/VIII/0539","APOTEK K24 JUANDA"
"SJ/SMR/SF/CRB/23/VIII/0540","APOTEK ARWA FARMA"
"SJ/SMR/SF/CRB/23/VIII/0541","APOTEK AIMAR"
"SJ/SMR/SF/CRB/23/VIII/0542","APOTEK AFISHA FARMA"
"SJ/SMR/SF/CRB/23/VIII/0543","APOTEK CIRENDANG"
"SJ/SMR/SF/CRB/23/VIII/0544","APOTEK AFISHA FARMA"
"SJ/SMR/SF/CRB/23/VIII/0545","APOTEK AFIYAA"
"SJ/SMR/SF/CRB/23/VIII/0546","APOTEK PANGESTU CIREMAI"
"SJ/SMR/SF/CRB/23/VIII/0547","APOTEK PERUM"
"SJ/SMR/SF/CRB/23/VIII/0548","APOTEK MARKISA"
"SJ/SMR/SF/CRB/23/VIII/0549","APOTEK K24 KALITANJUNG"
"SJ/SMR/SF/CRB/23/VIII/0551","APOTEK INTI SEHAT CIREBON"
"SJ/SMR/SF/CRB/23/VIII/0552","APOTEK PELITA HARJAMUKTI"
"SJ/SMR/SF/CRB/23/VIII/0553","APOTEK PELITA HARJAMUKTI"
"SJ/SMR/SF/CRB/23/VIII/0554","APOTEK PRATAMA 2"
"SJ/SMR/SF/CRB/23/VIII/0555","APOTEK TAMAN KOTA"
"SJ/SMR/SF/CRB/23/VIII/0556","APOTEK AIMAR"
"SJ/SMR/SF/CRB/23/VIII/0557","APOTEK SALFATHAN"
"SJ/SMR/SF/CRB/23/VIII/0558","APOTEK AZZAHRA"
"SJ/SMR/SF/CRB/23/VIII/0559","APOTEK AIMAR"
"SJ/SMR/SF/CRB/23/VIII/0560","APOTEK ASSYIFA SADAMANTRA"
"SJ/SMR/SF/CRB/23/VIII/0561","APOTEK PHARMASIA GESIK"
"SJ/SMR/SF/CRB/23/VIII/0562","APOTEK AIMAR"
"SJ/SMR/SF/CRB/23/VIII/0563","APOTEK BERKAH FARMA MAJALENGKA"
"SJ/SMR/SF/CRB/23/VIII/0564","APOTEK MAJASEM 12"
"SJ/SMR/SF/CRB/23/VIII/0565","APOTEK PRATAMA KESAMBI"
"SJ/SMR/SF/CRB/23/VIII/0566","APOTEK AIMAR"
"SJ/SMR/SF/CRB/23/VIII/0567","APOTEK DITA FARMA"
"SJ/SMR/SF/CRB/23/VIII/0568","APOTEK MITRA SEJAHTERA CIREBON"
"SJ/SMR/SF/CRB/23/VIII/0569","APOTEK KESUNEAN"
"SJ/SMR/SF/CRB/23/VIII/0570","APOTEK AFISHA FARMA"
"SJ/SMR/SF/CRB/23/VIII/0571","APOTEK K24 KALITANJUNG"
"SJ/SMR/SF/CRB/23/VIII/0572","APOTEK CEMPAKA"
"SJ/SMR/SF/CRB/23/VIII/0573","APOTEK ASSYIFA SADAMANTRA"
"SJ/SMR/SF/CRB/23/VIII/0574","APOTEK CEMPAKA"
"SJ/SMR/SF/CRB/23/VIII/0575","APOTEK ZAHIDAH FARMA"
"SJ/SMR/SF/CRB/23/VIII/0576","APOTEK RYAN FARMA"
"SJ/SMR/SF/CRB/23/VIII/0577","APOTEK LANA FARMA"
"SJ/SMR/SF/CRB/23/VIII/0578","APOTEK K24 JUANDA"
"SJ/SMR/SF/CRB/23/VIII/0579","APOTEK NABILA PASAR MINGGU"
"SJ/SMR/SF/CRB/23/VIII/0580","APOTEK BINTANG FARMA"
"SJ/SMR/SF/CRB/23/VIII/0581","APOTEK AIMAR"
"SO/SMR/SF/CRB/23/I/0002","APOTEK ATTIB MEDIKA"
"SO/SMR/SF/CRB/23/I/0003","TOKO AZAHRA"
"SO/SMR/SF/CRB/23/I/0004","APOTEK PHARMASIA CIREA"
"SO/SMR/SF/CRB/23/I/0005","APOTEK INTI SEHAT CIREBON"
"SO/SMR/SF/CRB/23/I/0006","APOTEK ARRAYYAN"
"SO/SMR/SF/CRB/23/II/0162","APOTEK BERKAH SEHAT OTISTA"
"SO/SMR/SF/CRB/23/IV/0278","APOTEK PRATAMA KESAMBI"
"SO/SMR/SF/CRB/23/IV/0279","APOTEK ANNISA FARMA CIAWIGEBANG"
"SO/SMR/SF/CRB/23/IV/0280","APOTEK AFIYAA"
"SO/SMR/SF/CRB/23/IV/0281","APOTEK AIMAR"